-- MySQL dump 10.13  Distrib 8.0.21, for Win64 (x86_64)
--
-- Host: 127.0.0.1    Database: vk
-- ------------------------------------------------------
-- Server version	8.0.21

/*!40101 SET @OLD_CHARACTER_SET_CLIENT=@@CHARACTER_SET_CLIENT */;
/*!40101 SET @OLD_CHARACTER_SET_RESULTS=@@CHARACTER_SET_RESULTS */;
/*!40101 SET @OLD_COLLATION_CONNECTION=@@COLLATION_CONNECTION */;
/*!50503 SET NAMES utf8 */;
/*!40103 SET @OLD_TIME_ZONE=@@TIME_ZONE */;
/*!40103 SET TIME_ZONE='+00:00' */;
/*!40014 SET @OLD_UNIQUE_CHECKS=@@UNIQUE_CHECKS, UNIQUE_CHECKS=0 */;
/*!40014 SET @OLD_FOREIGN_KEY_CHECKS=@@FOREIGN_KEY_CHECKS, FOREIGN_KEY_CHECKS=0 */;
/*!40101 SET @OLD_SQL_MODE=@@SQL_MODE, SQL_MODE='NO_AUTO_VALUE_ON_ZERO' */;
/*!40111 SET @OLD_SQL_NOTES=@@SQL_NOTES, SQL_NOTES=0 */;

--
-- Table structure for table `communities`
--

DROP TABLE IF EXISTS `communities`;
/*!40101 SET @saved_cs_client     = @@character_set_client */;
/*!50503 SET character_set_client = utf8mb4 */;
CREATE TABLE `communities` (
  `id` int NOT NULL AUTO_INCREMENT,
  `name` varchar(245) NOT NULL,
  `admin_id` int NOT NULL,
  PRIMARY KEY (`id`),
  KEY `fk_communities_users1_idx` (`admin_id`),
  CONSTRAINT `fk_communities_users1` FOREIGN KEY (`admin_id`) REFERENCES `users` (`id`)
) ENGINE=InnoDB AUTO_INCREMENT=11 DEFAULT CHARSET=utf8mb4 COLLATE=utf8mb4_0900_ai_ci;
/*!40101 SET character_set_client = @saved_cs_client */;

--
-- Dumping data for table `communities`
--

LOCK TABLES `communities` WRITE;
/*!40000 ALTER TABLE `communities` DISABLE KEYS */;
INSERT INTO `communities` VALUES (1,'aspernatur',15),(2,'esse',27),(3,'voluptatum',17),(4,'non',17),(5,'maxime',48),(6,'exercitationem',21),(7,'et',29),(8,'nostrum',58),(9,'sint',65),(10,'enim',62);
/*!40000 ALTER TABLE `communities` ENABLE KEYS */;
UNLOCK TABLES;

--
-- Table structure for table `friend_requests`
--

DROP TABLE IF EXISTS `friend_requests`;
/*!40101 SET @saved_cs_client     = @@character_set_client */;
/*!50503 SET character_set_client = utf8mb4 */;
CREATE TABLE `friend_requests` (
  `from_user_id` int NOT NULL,
  `to_user_id` int NOT NULL,
  `status` tinyint unsigned NOT NULL COMMENT 'статус: 0 - запрос, 1 - подтвержден, 2 - отклонен',
  PRIMARY KEY (`from_user_id`,`to_user_id`),
  KEY `fk_friend_requests_users1_idx` (`from_user_id`),
  KEY `fk_friend_requests_users2_idx` (`to_user_id`),
  CONSTRAINT `fk_friend_requests_users1` FOREIGN KEY (`from_user_id`) REFERENCES `users` (`id`),
  CONSTRAINT `fk_friend_requests_users2` FOREIGN KEY (`to_user_id`) REFERENCES `users` (`id`)
) ENGINE=InnoDB DEFAULT CHARSET=utf8mb4 COLLATE=utf8mb4_0900_ai_ci;
/*!40101 SET character_set_client = @saved_cs_client */;

--
-- Dumping data for table `friend_requests`
--

LOCK TABLES `friend_requests` WRITE;
/*!40000 ALTER TABLE `friend_requests` DISABLE KEYS */;
INSERT INTO `friend_requests` VALUES (1,35,0),(1,56,0),(1,93,2),(4,8,2),(4,36,0),(4,55,0),(4,63,2),(5,13,2),(5,53,2),(6,85,2),(8,53,1),(8,66,0),(8,80,2),(9,36,1),(10,52,2),(10,58,2),(12,41,1),(13,89,1),(14,25,1),(14,41,0),(14,82,2),(14,86,1),(15,25,2),(16,76,1),(16,95,0),(19,52,0),(19,88,2),(20,56,1),(21,85,2),(21,98,0),(22,62,2),(23,74,1),(24,6,1),(31,62,0),(32,9,2),(32,64,0),(32,65,2),(32,97,2),(33,37,1),(33,92,1),(34,40,1),(35,27,0),(36,18,2),(36,55,0),(36,96,0),(38,53,1),(38,83,2),(40,96,1),(41,2,0),(43,11,2),(44,46,0),(44,94,0),(45,32,1),(48,23,0),(48,98,2),(49,48,1),(52,77,0),(53,1,2),(53,23,2),(54,20,1),(56,100,2),(58,6,2),(58,50,2),(59,67,1),(60,88,0),(63,7,2),(65,52,1),(65,70,1),(66,14,2),(69,25,1),(71,99,2),(75,90,0),(76,36,2),(76,68,1),(77,61,0),(78,37,1),(82,19,2),(82,24,0),(82,37,0),(82,81,1),(83,46,0),(83,69,2),(83,88,1),(84,52,1),(85,23,2),(87,56,1),(87,69,2),(88,91,2),(89,86,2),(90,96,1),(91,67,0),(92,86,2),(93,88,1),(93,96,2),(94,48,2),(95,73,1),(98,81,0),(99,46,1),(100,88,2);
/*!40000 ALTER TABLE `friend_requests` ENABLE KEYS */;
UNLOCK TABLES;

--
-- Table structure for table `likes`
--

DROP TABLE IF EXISTS `likes`;
/*!40101 SET @saved_cs_client     = @@character_set_client */;
/*!50503 SET character_set_client = utf8mb4 */;
CREATE TABLE `likes` (
  `idlikes` int NOT NULL AUTO_INCREMENT,
  `likes_type_id` int NOT NULL,
  `likes_count` int NOT NULL COMMENT 'лайки',
  `dislikes_count` int NOT NULL COMMENT 'дизлайки',
  PRIMARY KEY (`idlikes`),
  KEY `fk_likes_likes_type1_idx` (`likes_type_id`),
  CONSTRAINT `fk_likes_likes_type1` FOREIGN KEY (`likes_type_id`) REFERENCES `likes_type` (`id`)
) ENGINE=InnoDB AUTO_INCREMENT=101 DEFAULT CHARSET=utf8mb4 COLLATE=utf8mb4_0900_ai_ci;
/*!40101 SET character_set_client = @saved_cs_client */;

--
-- Dumping data for table `likes`
--

LOCK TABLES `likes` WRITE;
/*!40000 ALTER TABLE `likes` DISABLE KEYS */;
INSERT INTO `likes` VALUES (1,1,15539,889581),(2,2,735386,752337),(3,3,651463,626040),(4,4,684999,823487),(5,5,44273,183763),(6,6,706718,14334),(7,7,749130,855528),(8,8,894346,604111),(9,9,319021,207473),(10,10,769486,651204),(11,11,733433,605886),(12,12,900414,815728),(13,13,171096,752727),(14,14,337315,729971),(15,15,415050,267211),(16,16,562366,395932),(17,17,594134,332668),(18,18,772009,752763),(19,19,11502,845530),(20,20,535720,621480),(21,21,814546,944896),(22,22,239609,286206),(23,23,342221,119785),(24,24,793750,99099),(25,25,85370,332279),(26,26,636345,319968),(27,27,319718,36582),(28,28,988026,880016),(29,29,448132,763744),(30,30,301710,441737),(31,31,395549,178085),(32,32,661379,470559),(33,33,9854,647450),(34,34,449781,242786),(35,35,681502,589885),(36,36,53883,575241),(37,37,818129,431897),(38,38,960793,261158),(39,39,901750,236191),(40,40,798130,200543),(41,41,723500,230463),(42,42,55054,809236),(43,43,893506,488523),(44,44,879364,46456),(45,45,984864,153103),(46,46,962341,733071),(47,47,248471,439152),(48,48,115731,329310),(49,49,154326,723098),(50,50,485954,642445),(51,51,304294,93348),(52,52,927753,194978),(53,53,307074,259855),(54,54,962957,698803),(55,55,49929,868087),(56,56,263859,194999),(57,57,543620,999337),(58,58,628272,280684),(59,59,50502,164630),(60,60,898708,1387),(61,61,280157,335627),(62,62,196283,145668),(63,63,888508,449138),(64,64,526350,375522),(65,65,729390,233662),(66,66,946449,559948),(67,67,285584,141757),(68,68,965926,364815),(69,69,856822,794842),(70,70,671284,910526),(71,71,973805,219132),(72,72,831687,134697),(73,73,935339,565259),(74,74,440997,879401),(75,75,545824,444167),(76,76,619231,387985),(77,77,832181,589211),(78,78,508830,711538),(79,79,375267,536544),(80,80,954564,692127),(81,81,929368,913900),(82,82,620925,272626),(83,83,453409,594148),(84,84,530245,891701),(85,85,61567,363515),(86,86,83280,726388),(87,87,354606,686648),(88,88,257202,738302),(89,89,800337,138818),(90,90,136498,74544),(91,91,5156,683229),(92,92,41138,925680),(93,93,890864,40697),(94,94,437502,540341),(95,95,657548,103371),(96,96,154428,717845),(97,97,79647,602096),(98,98,343882,594482),(99,99,814911,382849),(100,100,286535,470052);
/*!40000 ALTER TABLE `likes` ENABLE KEYS */;
UNLOCK TABLES;

--
-- Table structure for table `likes_type`
--

DROP TABLE IF EXISTS `likes_type`;
/*!40101 SET @saved_cs_client     = @@character_set_client */;
/*!50503 SET character_set_client = utf8mb4 */;
CREATE TABLE `likes_type` (
  `id` int NOT NULL AUTO_INCREMENT,
  `media_id` int NOT NULL,
  `users_id` int NOT NULL,
  `post_id` int NOT NULL,
  PRIMARY KEY (`id`),
  KEY `fk_likes_type_media1_idx` (`media_id`),
  KEY `fk_likes_type_users1_idx` (`users_id`),
  KEY `fk_likes_type_post1_idx` (`post_id`),
  CONSTRAINT `fk_likes_type_media1` FOREIGN KEY (`media_id`) REFERENCES `media` (`id`),
  CONSTRAINT `fk_likes_type_post1` FOREIGN KEY (`post_id`) REFERENCES `post` (`id`),
  CONSTRAINT `fk_likes_type_users1` FOREIGN KEY (`users_id`) REFERENCES `users` (`id`)
) ENGINE=InnoDB AUTO_INCREMENT=101 DEFAULT CHARSET=utf8mb4 COLLATE=utf8mb4_0900_ai_ci COMMENT='лайки';
/*!40101 SET character_set_client = @saved_cs_client */;

--
-- Dumping data for table `likes_type`
--

LOCK TABLES `likes_type` WRITE;
/*!40000 ALTER TABLE `likes_type` DISABLE KEYS */;
INSERT INTO `likes_type` VALUES (1,1,1,1),(2,2,2,2),(3,3,3,3),(4,4,4,4),(5,5,5,5),(6,6,6,6),(7,7,7,7),(8,8,8,8),(9,9,9,9),(10,10,10,10),(11,11,11,11),(12,12,12,12),(13,13,13,13),(14,14,14,14),(15,15,15,15),(16,16,16,16),(17,17,17,17),(18,18,18,18),(19,19,19,19),(20,20,20,20),(21,21,21,21),(22,22,22,22),(23,23,23,23),(24,24,24,24),(25,25,25,25),(26,26,26,26),(27,27,27,27),(28,28,28,28),(29,29,29,29),(30,30,30,30),(31,31,31,31),(32,32,32,32),(33,33,33,33),(34,34,34,34),(35,35,35,35),(36,36,36,36),(37,37,37,37),(38,38,38,38),(39,39,39,39),(40,40,40,40),(41,41,41,41),(42,42,42,42),(43,43,43,43),(44,44,44,44),(45,45,45,45),(46,46,46,46),(47,47,47,47),(48,48,48,48),(49,49,49,49),(50,50,50,50),(51,51,51,51),(52,52,52,52),(53,53,53,53),(54,54,54,54),(55,55,55,55),(56,56,56,56),(57,57,57,57),(58,58,58,58),(59,59,59,59),(60,60,60,60),(61,61,61,61),(62,62,62,62),(63,63,63,63),(64,64,64,64),(65,65,65,65),(66,66,66,66),(67,67,67,67),(68,68,68,68),(69,69,69,69),(70,70,70,70),(71,71,71,71),(72,72,72,72),(73,73,73,73),(74,74,74,74),(75,75,75,75),(76,76,76,76),(77,77,77,77),(78,78,78,78),(79,79,79,79),(80,80,80,80),(81,81,81,81),(82,82,82,82),(83,83,83,83),(84,84,84,84),(85,85,85,85),(86,86,86,86),(87,87,87,87),(88,88,88,88),(89,89,89,89),(90,90,90,90),(91,91,91,91),(92,92,92,92),(93,93,93,93),(94,94,94,94),(95,95,95,95),(96,96,96,96),(97,97,97,97),(98,98,98,98),(99,99,99,99),(100,100,100,100);
/*!40000 ALTER TABLE `likes_type` ENABLE KEYS */;
UNLOCK TABLES;

--
-- Table structure for table `media`
--

DROP TABLE IF EXISTS `media`;
/*!40101 SET @saved_cs_client     = @@character_set_client */;
/*!50503 SET character_set_client = utf8mb4 */;
CREATE TABLE `media` (
  `id` int NOT NULL AUTO_INCREMENT,
  `media_type_id` int NOT NULL,
  `text` text,
  `file` blob COMMENT '/files/img/01.jpg',
  `size` int DEFAULT NULL,
  `metadata` json DEFAULT NULL,
  PRIMARY KEY (`id`),
  KEY `fk_media_media_types1_idx` (`media_type_id`),
  CONSTRAINT `fk_media_media_types1` FOREIGN KEY (`media_type_id`) REFERENCES `media_types` (`id`)
) ENGINE=InnoDB AUTO_INCREMENT=101 DEFAULT CHARSET=utf8mb4 COLLATE=utf8mb4_0900_ai_ci;
/*!40101 SET character_set_client = @saved_cs_client */;

--
-- Dumping data for table `media`
--

LOCK TABLES `media` WRITE;
/*!40000 ALTER TABLE `media` DISABLE KEYS */;
INSERT INTO `media` VALUES (1,2,'Est tenetur libero modi quia neque aut dignissimos. Nulla est quibusdam sint nihil reiciendis fuga. Ratione fugiat ut necessitatibus est.',NULL,937443823,NULL),(2,2,'Perferendis odio fugit qui sed est. Ullam suscipit commodi delectus est molestias possimus nobis. Eius est nobis voluptate consequatur nesciunt consectetur voluptatem.',NULL,211173,NULL),(3,3,'Magnam neque aut error alias labore quis. Ipsa repellat ut assumenda. Velit dolores harum et. Quam quo nulla minima eum.',NULL,9,NULL),(4,3,'Eligendi dolor distinctio adipisci dolorum nisi adipisci in et. Nostrum explicabo totam dolorum. Culpa aut vel cumque in.',NULL,12012,NULL),(5,4,'Alias autem quisquam reprehenderit inventore dolore. Pariatur esse sunt iure rerum. Dicta minima distinctio a et qui eveniet temporibus. Iste facilis deleniti amet tenetur ea.',NULL,439266,NULL),(6,3,'Accusamus sunt officiis perferendis in id illum. Ut quasi repellendus assumenda perspiciatis dicta consequatur. Ratione est reiciendis id ad et.',NULL,8,NULL),(7,4,'Est sit iste rerum voluptas non et. Quis velit animi id molestiae rerum voluptatem ut repudiandae. Sunt molestiae tempore voluptas alias.',NULL,52021534,NULL),(8,2,'Rem tempore dolor velit saepe placeat. Perspiciatis est ut debitis veritatis et ipsam. Laborum a autem modi aliquid in possimus ex. Et quis omnis iure repellendus modi perspiciatis sapiente.',NULL,98,NULL),(9,4,'Ex facilis sed perferendis officia maxime delectus. Eius eum cupiditate ut totam tempora. Accusantium reprehenderit nobis quia quasi distinctio repudiandae. Quia ab a culpa rem quae eaque.',NULL,768,NULL),(10,3,'Necessitatibus optio vero veritatis voluptas minima. Odio in voluptates explicabo porro. Labore veritatis ut tempore saepe.',NULL,630674920,NULL),(11,3,'Natus velit et sit ad. Dignissimos rerum inventore aut dolorem dolor dignissimos ea. Laboriosam provident enim sit quaerat qui nihil aut.',NULL,0,NULL),(12,2,'Et aliquam inventore culpa quos. Ut non deserunt quibusdam impedit nostrum tenetur et. Aspernatur nesciunt nihil a occaecati.',NULL,129,NULL),(13,2,'Magnam vel similique quia ipsam. Itaque itaque esse consequatur aut enim id enim.',NULL,260022,NULL),(14,2,'Id est tenetur et excepturi laboriosam ut. Sint sequi et provident rem libero consequatur qui. Rerum unde maiores et id vel. Dolores facere animi occaecati ipsam laudantium sint earum.',NULL,223,NULL),(15,4,'Rerum placeat hic in optio. Enim et necessitatibus magni doloribus. Voluptas fugiat aperiam labore quia veniam ipsa.',NULL,47198,NULL),(16,2,'Dolor dignissimos accusantium aut amet quo eius. Exercitationem doloribus qui unde veniam. Eum sunt recusandae recusandae nemo. Dolor recusandae voluptatem ullam distinctio.',NULL,77,NULL),(17,1,'Ducimus perspiciatis magnam non quis nemo omnis. Adipisci et in praesentium. Consequatur beatae natus omnis voluptatem harum.',NULL,0,NULL),(18,1,'Impedit repellat neque enim aut voluptas labore. Id ex quas et at odio. Perspiciatis odio aut ut nam voluptate doloribus.',NULL,655,NULL),(19,4,'Voluptas excepturi corporis sit laborum qui. Perspiciatis blanditiis esse quidem consequuntur. Id perferendis voluptatem dolorem earum.',NULL,133151,NULL),(20,1,'Eaque illo mollitia quod recusandae. Et numquam expedita odio explicabo. Rem dolorum non architecto sint. Ullam voluptatem est ut eaque aspernatur asperiores.',NULL,997,NULL),(21,1,'Et sunt aut debitis. Similique itaque et earum mollitia porro blanditiis.',NULL,97965249,NULL),(22,2,'Corrupti eum soluta eum dignissimos perferendis amet. Ad reiciendis culpa aspernatur aperiam quo. Vel provident quam beatae nemo autem.',NULL,421472832,NULL),(23,2,'Quis non nemo atque animi mollitia eum qui. Minima et praesentium saepe nisi ad ad. Et et quisquam eveniet minima voluptate quia eos non. Eaque nihil dolores id consequuntur dolorum vel nulla.',NULL,130615,NULL),(24,3,'Inventore dolorum enim rerum labore. Ipsam autem velit et nesciunt. Officia dolorem a similique eligendi dolores. Iste autem ducimus qui voluptatem odit laboriosam.',NULL,0,NULL),(25,3,'Voluptate necessitatibus at quibusdam. Qui consequatur eum quaerat aut et voluptatibus. Eius animi sit dicta ex eos voluptatibus.',NULL,692293,NULL),(26,1,'Deserunt repellendus esse sed at odio dolores autem. Saepe aut nisi non ducimus quos. Est incidunt odio nemo in maiores.',NULL,5658953,NULL),(27,3,'Autem ut quae neque vero. Magni dolor alias atque totam id dolorum. Aliquid fugiat aut sit id nostrum.',NULL,172192403,NULL),(28,1,'Repellendus ad qui voluptates qui omnis. Distinctio esse et ipsam similique expedita neque et velit. Voluptates dolorum possimus fuga autem.',NULL,54413471,NULL),(29,2,'Voluptate incidunt natus reiciendis autem architecto qui. Iure earum nobis consequatur. Eligendi natus adipisci est et voluptatibus. Odit adipisci et eius voluptas ut aspernatur laborum est.',NULL,4,NULL),(30,1,'Officiis minima voluptatem dolorem molestiae eum. Accusamus debitis est facere delectus neque et. Cum quo natus expedita.',NULL,247223705,NULL),(31,3,'Nihil nesciunt aut culpa. Ut alias omnis repudiandae earum dolorem atque voluptatum. Eveniet soluta velit ex. Hic temporibus ea iusto consequatur.',NULL,0,NULL),(32,3,'Voluptas quasi id libero dolor. Quia et ipsam odit atque. Nihil nobis occaecati sed vel nobis quisquam sint officiis.',NULL,2660999,NULL),(33,2,'In voluptatum molestiae accusamus cumque. Cupiditate expedita quis sunt voluptatem quos. Dolore perspiciatis sed numquam dolore assumenda repellat nostrum. Rerum veritatis voluptatem aliquid libero.',NULL,593553321,NULL),(34,2,'Et sint at assumenda sequi quis. Dolorem architecto adipisci id quod veniam et. Et et laborum rerum sed ut ut. Sed tempore perspiciatis sequi qui illum alias harum.',NULL,8476455,NULL),(35,2,'Qui eos voluptatibus quo eligendi libero qui commodi excepturi. Qui dolor asperiores ut. Tempora est explicabo eius id dolore.',NULL,492410671,NULL),(36,2,'Hic ullam et nihil delectus. Quo rerum perspiciatis occaecati. Accusamus voluptatum eius aut hic fugiat laboriosam.',NULL,0,NULL),(37,4,'Et sed aut eaque aut. Vel eos sit tempora temporibus iste similique eveniet. Vel id dolores ut vel quo. Natus ab at similique porro.',NULL,12077,NULL),(38,1,'Distinctio ipsa facilis quos quidem. Rerum aliquam fuga labore placeat possimus asperiores. Placeat deserunt repudiandae voluptatem voluptatibus aut.',NULL,3156,NULL),(39,4,'Qui rem autem sed provident. Dolorem eaque natus voluptatibus illum modi. Culpa pariatur eum enim.',NULL,7051999,NULL),(40,3,'Perspiciatis alias iusto rerum numquam ut animi asperiores. Occaecati sit sit et omnis aliquid quia quae eum. Deserunt officia maiores necessitatibus fugiat libero provident quam modi.',NULL,0,NULL),(41,4,'Commodi qui numquam nisi odio aut sed earum. Ea deleniti omnis iure. Quo ducimus ex alias rem asperiores deleniti.',NULL,9277004,NULL),(42,3,'Illo pariatur ut quia et. Dolores distinctio pariatur sed veritatis dolorem cupiditate rerum. At voluptatem voluptas molestiae sint occaecati occaecati qui excepturi.',NULL,24140,NULL),(43,1,'Tempore tenetur corporis ut expedita quas sed nam. Aut adipisci sit magnam eum odio ut maxime. Incidunt natus eum est. Nobis quidem animi odit incidunt laudantium dolores.',NULL,943274573,NULL),(44,1,'Ratione aut ad hic voluptatem nulla. Quisquam excepturi omnis tempore et. Quia beatae cupiditate similique et.',NULL,9233,NULL),(45,4,'Aliquam beatae occaecati minima autem cupiditate a minus. Asperiores doloribus ullam accusamus fuga quis. Facere et nostrum velit est aut tempore nemo.',NULL,416,NULL),(46,1,'Sit perferendis et sunt officia. Odit quos consequatur repellendus nihil nam. Laborum non repellendus rerum repellat in. Non totam et nobis veniam.',NULL,649,NULL),(47,2,'Error dolores sapiente provident vero. Asperiores id eaque aliquam voluptas.',NULL,776587475,NULL),(48,4,'Expedita quis vel pariatur ut error ut vitae itaque. Quidem et ut omnis quam omnis. Ea exercitationem sint neque nostrum ipsum ipsum consequatur sed.',NULL,0,NULL),(49,2,'Vero vitae accusantium quo. Quis quidem pariatur quasi totam. Non odio deleniti quae temporibus. Reprehenderit enim earum quod eum dolorum optio.',NULL,450,NULL),(50,2,'Iste molestiae temporibus sint optio consectetur. Quas eos ea modi facere. Quibusdam velit eum tempore. Amet est nostrum qui totam vero ipsa. Sit adipisci maiores voluptas eaque qui at modi.',NULL,5490,NULL),(51,4,'Alias nulla illo consequatur. Nihil et et et incidunt. Ipsam veniam quia ut et molestiae eius. Eos asperiores eum omnis repudiandae labore.',NULL,0,NULL),(52,2,'Voluptatibus perspiciatis rerum voluptas molestiae enim ducimus et expedita. Et illum sed consectetur nesciunt ut.',NULL,73,NULL),(53,3,'Quasi dicta exercitationem alias possimus iure eius est. Non rerum est tenetur et quia. Et porro commodi quo voluptatem repellat rerum quia. Hic et soluta ducimus et esse aliquid.',NULL,32911,NULL),(54,2,'Tenetur tempora corporis quis dolorem itaque. Eos temporibus est voluptatum excepturi qui. Cupiditate accusantium odio dolore harum quia. Eum doloribus architecto commodi mollitia.',NULL,3798352,NULL),(55,4,'Voluptas ut et reiciendis corrupti dolorum enim quam nihil. Quae libero voluptatum vel cum impedit voluptate dolor voluptatum. Autem consectetur et quia voluptatem est.',NULL,4650,NULL),(56,1,'Quas et deleniti nam architecto ut atque quia. Suscipit aspernatur sequi suscipit et aspernatur fugiat. Et temporibus voluptatem quisquam voluptatum minima eligendi necessitatibus voluptatem.',NULL,285883,NULL),(57,3,'Rerum ad corporis quas illo. Nemo eos quibusdam quia quidem consequatur laboriosam quae et. Est dicta voluptates aspernatur et.',NULL,1,NULL),(58,3,'Et accusamus laboriosam est deserunt aut. Veritatis quisquam earum delectus ea. Consequatur temporibus in rerum. Esse perspiciatis rerum eos.',NULL,659,NULL),(59,1,'Ut minus velit ratione impedit. Quisquam qui repellendus optio non cupiditate rerum dolorum. Expedita quia laboriosam nobis.',NULL,999,NULL),(60,4,'Voluptatem optio consequatur excepturi aut eum nam labore. Est omnis et nihil ipsum iure. Et non cum officiis iure sed dolorem et.',NULL,685386,NULL),(61,3,'Qui ullam dolor laboriosam reprehenderit ea error blanditiis. Doloribus blanditiis pariatur impedit quos dolore sint quod possimus. Porro ad fugiat error eum neque provident sit.',NULL,379,NULL),(62,4,'Tenetur molestiae earum maxime enim officia dignissimos soluta. Quasi occaecati rem ut. Fuga consequuntur architecto qui harum doloremque animi facere. Tenetur repellendus error ipsa voluptatem.',NULL,635394648,NULL),(63,2,'Officiis harum nihil exercitationem error qui. Asperiores officia sit totam libero ut nihil.',NULL,120752,NULL),(64,1,'Voluptatem explicabo quasi debitis fugit. Iste debitis a sit reiciendis vel amet. Consequatur amet aut quia alias.',NULL,0,NULL),(65,1,'Esse odio et eum excepturi atque dolorem. Corrupti sed vitae qui sit. Laboriosam id ea omnis facere et.',NULL,24996,NULL),(66,3,'Eaque dolores esse sed qui dolor. Aut voluptatem labore voluptas nobis dolor necessitatibus. Ut perspiciatis tenetur ut iste.',NULL,225591488,NULL),(67,3,'Neque voluptatem ipsum pariatur voluptatem et nesciunt quia. Sunt molestias numquam rerum sit fuga voluptas. Error sit qui in. Aliquam dignissimos dolorum recusandae in enim optio rem.',NULL,1716907,NULL),(68,1,'Enim quibusdam et ullam et aperiam eaque. Cum quasi ea consequuntur odio magnam est ea. Laboriosam iure ut enim excepturi vero.',NULL,90,NULL),(69,3,'Qui corrupti officia id animi. Sed sequi aliquid fugit. Illo ab quo veritatis odio dolorem. Recusandae occaecati et aperiam et fuga.',NULL,450910,NULL),(70,2,'Placeat saepe odit natus. Omnis laboriosam suscipit velit ut culpa. Ducimus animi quae a. Nemo enim modi quis.',NULL,74,NULL),(71,4,'Est repellendus consequuntur pariatur repellat consectetur. Qui ab nisi quasi quidem tenetur unde. Cumque suscipit alias autem sint.',NULL,0,NULL),(72,2,'Occaecati sint qui voluptatem voluptas molestiae sed. Voluptate dolores voluptatem ut cum. Incidunt explicabo amet ut.',NULL,38773,NULL),(73,4,'Recusandae ut quod ullam illum quidem voluptatem eos. Iste ea qui itaque enim consectetur unde. Et repudiandae rerum sed blanditiis eum est pariatur officia.',NULL,0,NULL),(74,1,'Et voluptatem earum esse animi soluta blanditiis. Sit saepe optio voluptatem deleniti. Aut architecto beatae non animi ab. Consequatur quisquam dolorem ut modi soluta in enim.',NULL,819796,NULL),(75,2,'Sit dolorem aliquam earum et harum voluptatum. A harum vel itaque praesentium. Saepe voluptatem illo porro voluptas rerum earum. Ratione est nisi pariatur.',NULL,4777,NULL),(76,4,'Commodi rerum perspiciatis quis voluptas. Ipsam eum magni aperiam. Impedit deleniti consequatur aliquid aut. Atque illo eum ipsum dignissimos.',NULL,89070096,NULL),(77,2,'Saepe pariatur consequatur sapiente odio. Totam cupiditate quia unde veniam. Animi error esse dolor at.',NULL,0,NULL),(78,4,'Quas earum laboriosam earum dolores aut magni. Sit est saepe suscipit accusantium porro velit vitae. Rerum beatae quod qui voluptas. Nihil officia blanditiis ratione et quae.',NULL,3294569,NULL),(79,3,'Aut consectetur ipsam consequatur autem. Sint fugiat praesentium ducimus rerum consectetur voluptatem incidunt.',NULL,0,NULL),(80,3,'Similique aut molestias quibusdam officiis dolores eos. Fuga corporis occaecati modi alias. Doloremque voluptatem sint blanditiis occaecati ipsa.',NULL,0,NULL),(81,2,'Natus explicabo voluptatem libero rerum. Quibusdam rerum sequi asperiores et iure. Quis doloribus aut id ducimus nemo. Dolor enim et illum sint.',NULL,487574,NULL),(82,3,'Aut eum asperiores eum in sapiente aut voluptas. Ut minus a voluptatem. Dolor laudantium quam iste maxime quaerat. Modi dolor quas dolores minima nihil consequatur.',NULL,2,NULL),(83,4,'Praesentium velit deserunt distinctio. Sed temporibus quidem omnis velit eligendi laudantium. Consequuntur molestiae eligendi ut mollitia nam qui fugiat.',NULL,90126078,NULL),(84,1,'Corporis facere est aut placeat earum. Eos velit magni pariatur modi debitis magnam sit. Iure quod adipisci enim magnam placeat commodi tenetur.',NULL,0,NULL),(85,1,'Sequi harum occaecati voluptas fugit. Est sit eaque quae mollitia provident. Sit beatae iusto provident voluptatibus optio voluptas.',NULL,55,NULL),(86,4,'Veniam ad expedita sit enim aperiam. Repellat earum est tempora. Non quam ex repellendus.',NULL,8,NULL),(87,1,'Eos et aliquid iste deleniti quasi. Ea itaque nam non ut placeat neque. Nobis quia et consectetur sapiente animi reprehenderit molestias. Et repellendus cupiditate ut eum nemo nulla neque.',NULL,0,NULL),(88,3,'Minima vel mollitia nobis pariatur aut facere. Et est omnis aut odio officiis saepe aut. Est soluta qui labore recusandae officia error adipisci. Nisi voluptatem veniam quis error quidem.',NULL,454,NULL),(89,2,'Et laborum dolor quas non. Nisi quis dolorum atque occaecati. Et sed et beatae enim rerum voluptas autem. Iste velit aut reprehenderit qui.',NULL,3613,NULL),(90,2,'Iusto voluptatum aut dicta debitis aliquam suscipit. Molestiae voluptatem modi voluptas est. Eaque excepturi perspiciatis dolores totam consequatur.',NULL,18063,NULL),(91,2,'Perspiciatis quisquam voluptatum sit consequatur libero. Saepe natus aut vero cumque id. Repellat atque autem vel voluptas unde et.',NULL,159727131,NULL),(92,1,'Aut ullam est rerum. Accusantium asperiores fugiat deleniti rerum. Et et sequi eum voluptas aut est dolorum dolorum. Incidunt inventore voluptatem quam minima deserunt placeat reprehenderit incidunt.',NULL,9328,NULL),(93,2,'Ea a consequatur aut corrupti consectetur ut autem. Ut est sed esse sint iure recusandae deserunt eveniet. Qui illo et minus.',NULL,3,NULL),(94,3,'Atque excepturi non cumque delectus et optio. Qui autem quia qui quasi et sit ratione. Animi aut aut ea vel velit quia.',NULL,371,NULL),(95,2,'Maxime qui quibusdam cum ut illo cumque recusandae. Repellendus qui aut voluptatum maxime quia maiores. Explicabo qui voluptatibus reiciendis aut qui et ab facere.',NULL,3,NULL),(96,3,'Quo ipsa perspiciatis optio voluptas earum mollitia architecto. Eos soluta nulla et porro. Est nihil qui adipisci suscipit molestiae. Maiores aliquam rerum excepturi cum ea quibusdam.',NULL,263,NULL),(97,1,'Et aut illo quae. Velit et sequi doloremque velit laboriosam et accusamus. Fugiat perferendis debitis rerum.',NULL,307895739,NULL),(98,1,'In qui ex quas voluptatum non ut. Est quibusdam in id quo expedita. Illo voluptatem magnam aperiam.',NULL,45,NULL),(99,3,'Quasi similique quis et quo qui omnis. Ipsum qui enim iure id. Maiores iste inventore distinctio. Dolorem totam ut voluptates.',NULL,70,NULL),(100,4,'Voluptate quidem iste eaque voluptatem ipsum distinctio. Voluptatem esse qui dolorem non. Consectetur iusto consequuntur facilis ex modi dignissimos. Repellat repellendus nesciunt cumque repellat.',NULL,57086972,NULL);
/*!40000 ALTER TABLE `media` ENABLE KEYS */;
UNLOCK TABLES;

--
-- Table structure for table `media_types`
--

DROP TABLE IF EXISTS `media_types`;
/*!40101 SET @saved_cs_client     = @@character_set_client */;
/*!50503 SET character_set_client = utf8mb4 */;
CREATE TABLE `media_types` (
  `id` int NOT NULL AUTO_INCREMENT,
  `name` varchar(245) NOT NULL,
  PRIMARY KEY (`id`)
) ENGINE=InnoDB AUTO_INCREMENT=5 DEFAULT CHARSET=utf8mb4 COLLATE=utf8mb4_0900_ai_ci;
/*!40101 SET character_set_client = @saved_cs_client */;

--
-- Dumping data for table `media_types`
--

LOCK TABLES `media_types` WRITE;
/*!40000 ALTER TABLE `media_types` DISABLE KEYS */;
INSERT INTO `media_types` VALUES (1,'img'),(2,' text'),(3,' video'),(4,' music');
/*!40000 ALTER TABLE `media_types` ENABLE KEYS */;
UNLOCK TABLES;

--
-- Table structure for table `messages`
--

DROP TABLE IF EXISTS `messages`;
/*!40101 SET @saved_cs_client     = @@character_set_client */;
/*!50503 SET character_set_client = utf8mb4 */;
CREATE TABLE `messages` (
  `id` int NOT NULL AUTO_INCREMENT,
  `from_user_id` int NOT NULL,
  `to_user_id` int NOT NULL,
  `text` text NOT NULL,
  `created_at` datetime NOT NULL DEFAULT CURRENT_TIMESTAMP,
  PRIMARY KEY (`id`),
  KEY `fk_messages_users1_idx` (`from_user_id`),
  KEY `fk_messages_users2_idx` (`to_user_id`),
  CONSTRAINT `fk_messages_users1` FOREIGN KEY (`from_user_id`) REFERENCES `users` (`id`),
  CONSTRAINT `fk_messages_users2` FOREIGN KEY (`to_user_id`) REFERENCES `users` (`id`)
) ENGINE=InnoDB AUTO_INCREMENT=101 DEFAULT CHARSET=utf8mb4 COLLATE=utf8mb4_0900_ai_ci;
/*!40101 SET character_set_client = @saved_cs_client */;

--
-- Dumping data for table `messages`
--

LOCK TABLES `messages` WRITE;
/*!40000 ALTER TABLE `messages` DISABLE KEYS */;
INSERT INTO `messages` VALUES (1,46,34,'Molestiae labore sunt deserunt.','1993-02-13 23:20:07'),(2,7,21,'Sed dolor consequatur repellendus veniam fuga.','1999-09-15 04:46:45'),(3,43,98,'Eum rerum at molestias quibusdam.','2001-11-09 13:40:43'),(4,97,21,'Sit rerum et saepe placeat.','1977-07-16 14:54:17'),(5,44,16,'Porro quia autem amet incidunt velit.','2015-11-13 17:52:34'),(6,49,55,'Dolor doloremque est quae ullam distinctio sit.','1983-11-16 08:48:07'),(7,71,13,'Porro ut quibusdam tempore earum libero fugit.','1998-11-10 05:06:19'),(8,17,97,'Molestiae tempore vero eum atque vel vel.','1994-02-21 09:47:52'),(9,11,19,'Et amet quia fugiat.','1984-12-06 22:58:59'),(10,28,36,'Aliquam modi nobis iste dolorem voluptates autem.','2005-08-13 11:36:07'),(11,95,86,'Officiis praesentium quo architecto voluptatem cumque ut voluptatem illum.','1991-03-31 11:46:42'),(12,75,63,'Voluptate minima eveniet explicabo quia iure hic cum.','1989-02-07 23:45:04'),(13,43,38,'Labore expedita laborum iure dolorum cumque.','2008-11-02 18:09:57'),(14,17,27,'Ex et minus dolor aut earum doloribus.','1993-02-01 11:24:16'),(15,31,68,'Aut sunt at architecto non.','2018-05-05 21:09:34'),(16,12,76,'Et a culpa ab omnis.','2019-06-18 08:04:24'),(17,1,19,'Fuga maiores rerum facere deserunt quam facilis quis.','2015-01-05 10:13:06'),(18,97,43,'Qui quo dignissimos velit quia eos consequuntur voluptas.','1990-07-22 07:25:24'),(19,17,93,'In voluptas quibusdam labore voluptatum qui consequuntur quisquam.','2011-12-23 13:19:30'),(20,64,61,'Sunt veniam facilis quos at.','1995-06-22 01:39:22'),(21,8,12,'Molestiae omnis quaerat ut tempore.','1998-06-11 07:14:17'),(22,15,79,'Blanditiis in delectus expedita necessitatibus est natus et.','2014-11-06 06:02:38'),(23,24,32,'Eaque dolorem laudantium ducimus.','1981-11-11 20:39:38'),(24,75,34,'Est quibusdam voluptatem perferendis rem totam molestiae quibusdam itaque.','2015-09-01 20:46:06'),(25,50,3,'Sint odio totam praesentium labore dolor aspernatur.','2012-12-06 23:22:11'),(26,70,44,'Enim perferendis voluptas perspiciatis minima id.','2016-03-27 05:52:30'),(27,89,44,'Eum sed eos et excepturi sapiente.','1995-12-23 20:42:59'),(28,7,31,'Veniam pariatur odit at odio eius dolorem cupiditate.','2005-06-28 20:06:43'),(29,81,23,'Veritatis asperiores id vero.','1999-06-11 08:56:14'),(30,58,12,'Maxime numquam voluptas voluptatum officiis qui sint tempora et.','2015-07-30 14:28:12'),(31,90,70,'Nesciunt corporis ex unde velit.','2016-11-05 16:08:03'),(32,87,91,'Exercitationem voluptas ipsam reprehenderit cupiditate fugiat.','2013-01-12 13:37:23'),(33,88,83,'Iure explicabo omnis quod est cumque cumque mollitia.','2012-12-21 00:50:26'),(34,34,4,'Ullam vero quam dolorum.','1988-02-21 18:56:47'),(35,75,97,'Perspiciatis beatae fuga aut corporis sequi corporis praesentium.','1997-03-29 05:17:37'),(36,65,83,'Et molestiae quibusdam quaerat.','1986-12-25 11:35:52'),(37,9,79,'Omnis voluptatem voluptatibus consequuntur omnis.','1976-09-04 04:27:17'),(38,61,33,'Quam aut cumque quia maxime et aut ut.','1975-11-29 00:30:17'),(39,10,36,'Veritatis doloribus tempora voluptas cupiditate ex aut quidem.','1977-11-25 18:09:03'),(40,67,60,'Velit vero quaerat illum voluptas dolores omnis aut.','2003-09-02 09:17:45'),(41,39,36,'Est occaecati est repudiandae cum minima cumque hic.','1995-01-04 23:43:45'),(42,4,27,'Nemo ut odit nemo odio labore id deleniti et.','1977-03-28 07:35:08'),(43,80,10,'Est non ratione sed molestiae quasi libero quam.','1990-03-23 23:31:14'),(44,58,61,'Non recusandae aut eligendi inventore.','1983-08-24 04:46:46'),(45,33,15,'Aut exercitationem a reiciendis accusamus nesciunt.','1983-04-09 17:44:14'),(46,72,23,'Natus aut accusantium voluptas non id.','1984-03-13 11:13:02'),(47,85,59,'Ipsum eius veritatis est incidunt.','2000-10-03 10:04:19'),(48,13,72,'Doloribus quia expedita veniam eveniet non quo debitis.','2020-03-04 13:02:55'),(49,41,47,'Blanditiis ab deleniti ut provident et aut vel.','1970-12-04 12:44:02'),(50,76,16,'Assumenda quod fugit ipsam.','1990-01-20 02:37:31'),(51,44,40,'Et quis voluptas qui dolore atque.','1987-12-10 00:48:25'),(52,98,52,'Ut ad praesentium impedit laudantium.','1978-09-21 02:24:49'),(53,19,59,'Soluta consectetur omnis commodi reiciendis ad voluptate modi voluptatem.','2000-05-05 05:43:05'),(54,85,29,'Sit soluta fuga aliquam culpa.','1976-02-27 12:32:40'),(55,94,51,'Soluta dolor velit eos incidunt qui.','1981-05-13 20:42:15'),(56,88,33,'Consequatur eaque consectetur magni aut sunt.','1979-08-07 10:02:51'),(57,87,92,'Aut sit repellendus quasi dolore enim animi.','2007-03-31 05:11:58'),(58,59,66,'Ut soluta ex voluptas neque at enim adipisci.','1970-11-23 20:02:22'),(59,1,16,'Qui autem excepturi et voluptatem consequatur est at.','2015-06-17 05:08:41'),(60,27,33,'Sit impedit hic corrupti aut et.','1970-12-25 10:08:07'),(61,31,99,'Aut magnam dolorem nulla eum fuga.','2008-04-19 05:27:05'),(62,55,15,'Omnis fuga corrupti nihil.','2003-12-04 22:48:57'),(63,57,68,'Dolores voluptatibus cum est.','1975-09-10 10:31:05'),(64,87,97,'Impedit consequatur molestiae adipisci ratione voluptate at.','2001-12-25 20:25:38'),(65,14,63,'Et tempora esse consequatur nam eaque.','1996-04-20 02:34:36'),(66,13,58,'Sed qui voluptatibus temporibus fugiat.','1998-01-25 09:01:18'),(67,3,11,'Fugit saepe natus illo saepe.','1973-10-01 02:36:10'),(68,10,21,'Aliquid id quis odit ipsa.','1994-03-14 09:06:56'),(69,69,94,'Non id reprehenderit enim ratione voluptatem.','2015-10-09 12:38:31'),(70,50,63,'Inventore dignissimos dolorem qui dolore vel porro.','2004-01-10 16:33:34'),(71,44,37,'Doloremque sequi est exercitationem est excepturi eligendi architecto.','1994-06-02 04:34:49'),(72,95,31,'A et quibusdam nobis consequatur omnis odit est.','1971-06-12 20:43:14'),(73,28,54,'Odio eos dolor et et.','2010-12-05 03:33:22'),(74,97,29,'Id in et ab amet.','2009-11-16 07:55:51'),(75,69,23,'Est recusandae nobis adipisci odit voluptatem.','1983-08-16 17:07:17'),(76,62,100,'Necessitatibus est assumenda ad voluptatum quia.','2017-08-16 00:26:41'),(77,21,17,'Porro debitis accusamus et et eius aspernatur.','2019-12-21 13:18:04'),(78,15,77,'Dolor quia consectetur illum itaque sit natus esse.','1983-10-22 21:34:05'),(79,84,1,'Qui iusto aliquid qui est omnis dolorum et praesentium.','1981-06-23 12:54:53'),(80,74,98,'Illo ut optio occaecati.','1994-07-31 18:01:40'),(81,64,87,'Tempore soluta et vel id deserunt autem.','2014-10-03 05:48:17'),(82,56,66,'Iste magni nemo odit et in magni voluptatem.','2019-11-25 12:59:36'),(83,97,65,'Ipsum eius eos eius dolor laudantium sed voluptas.','1985-09-03 04:23:54'),(84,87,65,'Voluptatem quisquam modi non doloremque.','1994-03-23 05:22:08'),(85,58,36,'Odit ipsam quia dignissimos aspernatur ullam praesentium.','2007-12-31 03:49:27'),(86,28,2,'Labore doloremque id provident at.','2001-08-11 18:25:09'),(87,72,22,'Eos tenetur qui dolorem molestias aspernatur ad.','1974-02-07 00:48:06'),(88,32,100,'Animi delectus pariatur modi voluptates.','1973-07-24 20:06:04'),(89,75,29,'Molestiae ut dolor maxime officiis eveniet.','2011-04-07 20:00:15'),(90,29,44,'Quae expedita repellat maiores quos et.','1973-05-15 22:15:41'),(91,51,91,'Libero dolorum et quo non cumque.','2000-04-23 03:16:40'),(92,44,72,'Laudantium dolor impedit ea perspiciatis sunt earum.','1987-07-14 15:06:32'),(93,7,58,'Quidem quisquam autem facere qui.','1982-01-26 21:01:01'),(94,49,91,'Voluptas doloremque quasi assumenda eum excepturi omnis.','2014-10-05 06:35:43'),(95,59,23,'Veniam eum aliquid et ducimus quis vitae veniam consequatur.','2020-03-16 15:39:33'),(96,89,22,'Voluptatibus quae voluptatem et sunt eveniet necessitatibus.','1978-08-31 23:02:42'),(97,9,44,'Adipisci doloribus voluptatibus provident voluptatem sit.','2011-03-31 11:15:51'),(98,88,6,'Eos aut facilis laborum hic culpa et cupiditate.','2002-08-14 02:38:41'),(99,8,74,'Voluptatem placeat voluptates veritatis eveniet autem tempore.','2000-08-07 11:00:31'),(100,70,66,'Veniam delectus quia rerum quam.','2018-09-13 13:08:18');
/*!40000 ALTER TABLE `messages` ENABLE KEYS */;
UNLOCK TABLES;

--
-- Table structure for table `photo_albums`
--

DROP TABLE IF EXISTS `photo_albums`;
/*!40101 SET @saved_cs_client     = @@character_set_client */;
/*!50503 SET character_set_client = utf8mb4 */;
CREATE TABLE `photo_albums` (
  `id` int NOT NULL AUTO_INCREMENT,
  `name` varchar(245) NOT NULL,
  `decs` text,
  `user_id` int NOT NULL,
  PRIMARY KEY (`id`),
  KEY `fk_photo_albums_users1_idx` (`user_id`),
  CONSTRAINT `fk_photo_albums_users1` FOREIGN KEY (`user_id`) REFERENCES `users` (`id`)
) ENGINE=InnoDB AUTO_INCREMENT=101 DEFAULT CHARSET=utf8mb4 COLLATE=utf8mb4_0900_ai_ci;
/*!40101 SET character_set_client = @saved_cs_client */;

--
-- Dumping data for table `photo_albums`
--

LOCK TABLES `photo_albums` WRITE;
/*!40000 ALTER TABLE `photo_albums` DISABLE KEYS */;
INSERT INTO `photo_albums` VALUES (1,'quidem',NULL,1),(2,'eaque',NULL,2),(3,'maxime',NULL,3),(4,'aut',NULL,4),(5,'sit',NULL,5),(6,'quasi',NULL,6),(7,'consequatur',NULL,7),(8,'libero',NULL,8),(9,'omnis',NULL,9),(10,'velit',NULL,10),(11,'consequatur',NULL,11),(12,'sed',NULL,12),(13,'sed',NULL,13),(14,'nesciunt',NULL,14),(15,'molestias',NULL,15),(16,'asperiores',NULL,16),(17,'sed',NULL,17),(18,'nobis',NULL,18),(19,'blanditiis',NULL,19),(20,'blanditiis',NULL,20),(21,'fugiat',NULL,21),(22,'odio',NULL,22),(23,'laborum',NULL,23),(24,'dolor',NULL,24),(25,'incidunt',NULL,25),(26,'et',NULL,26),(27,'in',NULL,27),(28,'culpa',NULL,28),(29,'consequatur',NULL,29),(30,'dolorum',NULL,30),(31,'est',NULL,31),(32,'et',NULL,32),(33,'reprehenderit',NULL,33),(34,'dolores',NULL,34),(35,'sint',NULL,35),(36,'aut',NULL,36),(37,'dolor',NULL,37),(38,'veritatis',NULL,38),(39,'ea',NULL,39),(40,'maiores',NULL,40),(41,'et',NULL,41),(42,'rem',NULL,42),(43,'repellendus',NULL,43),(44,'saepe',NULL,44),(45,'est',NULL,45),(46,'et',NULL,46),(47,'officiis',NULL,47),(48,'ipsam',NULL,48),(49,'dolor',NULL,49),(50,'qui',NULL,50),(51,'et',NULL,51),(52,'labore',NULL,52),(53,'qui',NULL,53),(54,'quidem',NULL,54),(55,'natus',NULL,55),(56,'aut',NULL,56),(57,'voluptas',NULL,57),(58,'ipsam',NULL,58),(59,'sit',NULL,59),(60,'laudantium',NULL,60),(61,'qui',NULL,61),(62,'voluptatum',NULL,62),(63,'tenetur',NULL,63),(64,'illum',NULL,64),(65,'laudantium',NULL,65),(66,'autem',NULL,66),(67,'rerum',NULL,67),(68,'dolor',NULL,68),(69,'sequi',NULL,69),(70,'quis',NULL,70),(71,'distinctio',NULL,71),(72,'et',NULL,72),(73,'accusantium',NULL,73),(74,'et',NULL,74),(75,'adipisci',NULL,75),(76,'accusamus',NULL,76),(77,'maiores',NULL,77),(78,'repellendus',NULL,78),(79,'dolorem',NULL,79),(80,'ipsam',NULL,80),(81,'non',NULL,81),(82,'facilis',NULL,82),(83,'dignissimos',NULL,83),(84,'quas',NULL,84),(85,'qui',NULL,85),(86,'provident',NULL,86),(87,'quasi',NULL,87),(88,'ipsam',NULL,88),(89,'est',NULL,89),(90,'enim',NULL,90),(91,'sequi',NULL,91),(92,'accusamus',NULL,92),(93,'voluptate',NULL,93),(94,'debitis',NULL,94),(95,'voluptas',NULL,95),(96,'corrupti',NULL,96),(97,'placeat',NULL,97),(98,'impedit',NULL,98),(99,'consectetur',NULL,99),(100,'quam',NULL,100);
/*!40000 ALTER TABLE `photo_albums` ENABLE KEYS */;
UNLOCK TABLES;

--
-- Table structure for table `photos`
--

DROP TABLE IF EXISTS `photos`;
/*!40101 SET @saved_cs_client     = @@character_set_client */;
/*!50503 SET character_set_client = utf8mb4 */;
CREATE TABLE `photos` (
  `id` int NOT NULL,
  `album_id` int NOT NULL,
  `media_id` int NOT NULL,
  PRIMARY KEY (`id`),
  KEY `fk_photos_photo_albums1_idx` (`album_id`),
  KEY `fk_photos_media1_idx` (`media_id`),
  CONSTRAINT `fk_photos_media1` FOREIGN KEY (`media_id`) REFERENCES `media` (`id`),
  CONSTRAINT `fk_photos_photo_albums1` FOREIGN KEY (`album_id`) REFERENCES `photo_albums` (`id`)
) ENGINE=InnoDB DEFAULT CHARSET=utf8mb4 COLLATE=utf8mb4_0900_ai_ci;
/*!40101 SET character_set_client = @saved_cs_client */;

--
-- Dumping data for table `photos`
--

LOCK TABLES `photos` WRITE;
/*!40000 ALTER TABLE `photos` DISABLE KEYS */;
INSERT INTO `photos` VALUES (1,72,72),(2,58,58),(3,86,86),(4,39,39),(5,32,32),(6,95,95),(7,24,24),(8,4,4),(9,7,7),(10,27,27),(11,13,13),(12,21,21),(13,33,33),(14,66,66),(15,67,67),(16,63,63),(17,25,25),(18,43,43),(19,64,64),(20,12,12),(21,22,22),(22,48,48),(23,93,93),(24,85,85),(25,49,49),(26,74,74),(27,57,57),(28,94,94),(29,28,28),(30,29,29),(31,53,53),(32,100,100),(33,78,78),(34,42,42),(35,89,89),(36,56,56),(37,18,18),(38,46,46),(39,31,31),(40,55,55),(41,20,20),(42,10,10),(43,19,19),(44,61,61),(45,97,97),(46,45,45),(47,92,92),(48,52,52),(49,9,9),(50,36,36),(51,47,47),(52,87,87),(53,17,17),(54,1,1),(55,54,54),(56,98,98),(57,23,23),(58,77,77),(59,80,80),(60,37,37),(61,34,34),(62,69,69),(63,11,11),(64,26,26),(65,91,91),(66,15,15),(67,8,8),(68,96,96),(69,65,65),(70,40,40),(71,44,44),(72,82,82),(73,81,81),(74,99,99),(75,41,41),(76,70,70),(77,90,90),(78,60,60),(79,59,59),(80,79,79),(81,76,76),(82,62,62),(83,73,73),(84,3,3),(85,5,5),(86,88,88),(87,51,51),(88,83,83),(89,75,75),(90,14,14),(91,38,38),(92,16,16),(93,71,71),(94,2,2),(95,35,35),(96,6,6),(97,84,84),(98,50,50),(99,68,68),(100,30,30);
/*!40000 ALTER TABLE `photos` ENABLE KEYS */;
UNLOCK TABLES;

--
-- Table structure for table `post`
--

DROP TABLE IF EXISTS `post`;
/*!40101 SET @saved_cs_client     = @@character_set_client */;
/*!50503 SET character_set_client = utf8mb4 */;
CREATE TABLE `post` (
  `id` int NOT NULL AUTO_INCREMENT,
  `title` varchar(45) NOT NULL,
  `text` varchar(245) NOT NULL,
  `users_id` int NOT NULL,
  PRIMARY KEY (`id`),
  KEY `fk_post_users1_idx` (`users_id`),
  CONSTRAINT `fk_post_users1` FOREIGN KEY (`users_id`) REFERENCES `users` (`id`)
) ENGINE=InnoDB AUTO_INCREMENT=101 DEFAULT CHARSET=utf8mb4 COLLATE=utf8mb4_0900_ai_ci COMMENT='посты';
/*!40101 SET character_set_client = @saved_cs_client */;

--
-- Dumping data for table `post`
--

LOCK TABLES `post` WRITE;
/*!40000 ALTER TABLE `post` DISABLE KEYS */;
INSERT INTO `post` VALUES (1,'Et laboriosam ex animi magni rerum eos.','Veniam commodi sed numquam dolores iusto vel. Qui aut ab ut est corrupti iusto labore. Aut voluptates corporis ut voluptatem. Vel et temporibus assumenda sed.',1),(2,'Aut eos ducimus quas voluptatem.','Deserunt doloremque dolore consequatur dolor cumque dolorem rerum non. Optio sit fugiat rerum. Excepturi temporibus eos illum qui ut corporis aut. Repellat rerum at quae fugiat aliquid beatae.',2),(3,'Sequi sunt voluptatum soluta.','Voluptates est libero magni fugit. Doloribus iure placeat porro corporis in delectus. Aut sit fugit modi. Qui reprehenderit tempore est ut nemo.',3),(4,'Non sit ut voluptas molestiae.','Optio quis molestiae quos dolores adipisci et veniam. Nulla odio quod ut suscipit rerum. Tempora quod magni est et. Laboriosam magni ut ex placeat. Omnis consequatur earum voluptatum nam itaque.',4),(5,'Non et fuga voluptas ratione sit sint.','Vitae sit tempore facere. Est harum eum modi necessitatibus placeat. In et et porro debitis veniam. Ea iure est possimus corrupti repudiandae et. Est aperiam placeat officiis est in nostrum.',5),(6,'Commodi quis voluptatem sed odio sed nihil.','Voluptates modi est ipsum suscipit nulla. Et voluptatum non dicta et dicta vel voluptas. Possimus expedita consequuntur rerum beatae odio ad. Nostrum est velit nemo perspiciatis et.',6),(7,'Accusamus sequi nisi optio necessitatibus.','Sit deserunt velit qui dolorem amet consequatur et consequuntur. Pariatur consequatur vero voluptas cum. Ut suscipit libero et. Asperiores mollitia explicabo unde accusamus ut at temporibus.',7),(8,'Soluta corporis et aut.','In at est maxime voluptates veniam qui totam. Voluptatem quis ut est sed tempore occaecati consectetur. Laudantium temporibus repellat voluptas quo ullam.',8),(9,'Nulla qui molestias iusto sint est alias culp','A voluptates est et at commodi tempore. Perferendis ratione ad fuga quam mollitia voluptate modi ea. Autem facilis quasi explicabo ea accusamus dicta.',9),(10,'Deserunt sunt aliquid consequuntur error.','Praesentium eligendi quia ipsam voluptatem ad excepturi voluptatem. Nisi totam itaque nesciunt dolor tempora provident. Recusandae perferendis odit minus mollitia nobis.',10),(11,'Rem numquam velit ex quod.','Labore hic labore similique ea voluptatem voluptate accusamus. Fugiat quae deleniti et et. Est corporis nostrum explicabo accusantium. Nostrum et quasi ut adipisci id ut illum.',11),(12,'Dolore quisquam temporibus voluptas.','Ut perferendis vel est non voluptas voluptatem et. Laborum assumenda doloribus dolor non. Nemo quisquam eius amet ea quidem et.',12),(13,'Ut sequi quia non aperiam accusamus.','Culpa aspernatur occaecati quia culpa laudantium ut et. Maiores quo dolor nihil possimus dignissimos vitae quod. Veniam et occaecati animi molestiae et et ullam.',13),(14,'Voluptatem ea earum possimus molestiae.','Aspernatur quas ut sed deserunt corrupti eaque. Explicabo et nisi neque aut itaque eaque. Nostrum et ut quo.',14),(15,'Nulla quas natus aut esse incidunt saepe ut.','Nam neque est voluptatibus ab culpa. Tempore unde omnis est praesentium et officiis repellat. Reiciendis saepe voluptatum saepe dolorem. Non architecto rerum earum earum.',15),(16,'Deserunt et sunt impedit facere sint.','Delectus omnis quis maiores tempora qui eaque. Rerum neque neque dignissimos dolor omnis. Corporis rem odit qui in consequatur ea.',16),(17,'Amet et accusamus ex.','Minima sit aut provident nihil. Temporibus veniam eligendi odio harum soluta voluptatem sed iure.',17),(18,'Ipsum itaque omnis qui porro vel.','Voluptatum itaque harum aut cupiditate. Inventore et eius perspiciatis quasi accusantium modi. A omnis incidunt voluptatem sed.',18),(19,'Occaecati ex dolor mollitia officiis distinct','Vel voluptas nemo quod et illum atque quas. Nemo explicabo veniam ea libero fugit quae. Iste et dolor labore excepturi quibusdam cumque.',19),(20,'Voluptatem excepturi velit mollitia sit.','Commodi sit voluptas possimus. Et explicabo dolor tempore omnis nulla odit. Odit est aliquam sed.',20),(21,'Eos et commodi eligendi rem ratione asperiore','Et pariatur eaque ad ut quis. Doloribus rem eos reiciendis labore et. Omnis facilis odio possimus hic aut. Necessitatibus aliquid dolor nemo.',21),(22,'Aliquid impedit amet aut.','Explicabo minus soluta atque illo. Illum nam doloribus tempore neque illum quidem enim reiciendis. Aut possimus quis sit commodi beatae aut suscipit.',22),(23,'Unde nesciunt quasi laborum at at saepe.','Delectus eveniet in qui nam amet assumenda. Exercitationem cupiditate earum sint numquam cupiditate ut.',23),(24,'Maxime expedita recusandae dolorem officiis m','Iure vel expedita ut laboriosam harum tempore. Qui est voluptatem nihil rerum. Rerum voluptatem esse et quasi.',24),(25,'A quo sequi voluptas consequatur nihil.','Numquam non ex est nam voluptatibus fugit error. Beatae omnis impedit magni quisquam fugit ab harum. Laboriosam aut cumque harum alias est officia. Aut fuga consequatur minima soluta.',25),(26,'Dignissimos cum sunt iusto delectus id magni ','Saepe quibusdam ut veniam provident quas dolorem aliquid. Sequi tenetur exercitationem reiciendis sed. Nobis est iure ea.',26),(27,'Officiis qui neque voluptatem et.','Est rerum dolor architecto sint et. Dolor dolor corrupti eos consequuntur sapiente. Error eveniet consequatur eius in harum. Sunt aut architecto ipsum vel eligendi veniam.',27),(28,'Excepturi consequatur exercitationem non vero','Voluptates porro sed ut fuga eligendi doloribus omnis. Temporibus aut est rem autem. Nisi ad similique impedit enim quo optio dolorum.',28),(29,'Fugiat est rerum voluptas incidunt.','Animi est omnis distinctio. Quasi corrupti consequatur impedit laboriosam. Consequatur ullam corrupti in earum facilis. Et sunt asperiores qui rerum.',29),(30,'Vel fugit saepe id vel reprehenderit.','Eum qui sunt asperiores eum deleniti sint. Ut sint nisi ipsam voluptatibus exercitationem ad. Sequi exercitationem quo aut molestiae et. Dolor quidem mollitia vel exercitationem.',30),(31,'Maxime sint earum molestiae qui consequuntur ','Velit nemo explicabo sint aut. Neque modi quia omnis at.',31),(32,'Accusantium exercitationem corrupti quam dolo','Rerum veritatis quod rem quia. Voluptas nesciunt nesciunt placeat quod. Totam eveniet dolorem id odit ipsam. Et voluptas accusamus soluta qui.',32),(33,'Numquam similique fugit quasi.','Qui dolor et harum qui deserunt asperiores. Similique dolor inventore omnis iure est sunt earum.',33),(34,'Esse quo non sequi provident quae.','Quis veniam atque rem quia. Quia eos reiciendis saepe ea facere qui quisquam. Distinctio et consectetur et quidem aut consequatur. Rerum et officia quam assumenda eum.',34),(35,'Totam dolorem cumque veniam dolores porro.','Rerum quae architecto vitae nulla ut. Rerum omnis maxime quibusdam corrupti. Aut recusandae asperiores ut ab. Quisquam aperiam iure nesciunt temporibus nihil tempora.',35),(36,'Architecto incidunt quas optio nisi dolor et ','Deserunt aliquid est id molestiae harum ipsum. Rerum dolores recusandae et in. Voluptatem qui excepturi nam architecto accusantium. Inventore ut aliquid reprehenderit.',36),(37,'Doloribus illo placeat iusto voluptas.','Deserunt sit recusandae temporibus autem ullam doloribus. Aut dignissimos voluptas ut pariatur. Possimus quia sit repudiandae. Officia rerum eos accusamus eum.',37),(38,'Quia autem blanditiis accusantium sed volupta','Deserunt cupiditate libero modi provident odit. Sit eos a quis qui. Corrupti corrupti et dolores temporibus. Et ea et non alias architecto.',38),(39,'Officia quia quam dicta voluptatem sit.','Suscipit quo officia nemo voluptatem. Dolor ut est vero sequi aperiam dolorem culpa. Officiis doloremque provident minima incidunt.',39),(40,'Pariatur eos aperiam blanditiis amet omnis qu','Quas ea facere saepe nostrum est nulla minus sapiente. Magni voluptas minus consectetur. Suscipit omnis iusto sit qui nam omnis.',40),(41,'Placeat et aspernatur voluptate in totam.','Totam et nemo non est quo assumenda eum. Quisquam laudantium quas et unde. Aut quia mollitia et aliquam dolores sunt. Omnis deleniti dolorem dolores quo excepturi aut accusamus.',41),(42,'Quod ratione nihil nam voluptates accusantium','Et possimus qui harum quae et facilis. Voluptatem sunt distinctio et earum mollitia. Eos ipsa in sit consequatur et sit nihil. Ea dolorem asperiores sit ea rerum voluptas.',42),(43,'Enim iste sit esse.','Placeat natus nisi eius illum quia nulla. Quia error eveniet et ullam. Dolore qui rerum magni molestias ut maxime fuga error.',43),(44,'Porro sequi accusantium error et odit veritat','Provident ad cupiditate quo eaque provident ratione praesentium eos. Et ut et debitis.',44),(45,'Ipsa culpa iste sed voluptatem quia.','Est rerum porro hic in eveniet vel. Sit dolores velit repellendus ipsam omnis et molestiae reiciendis. Sunt dolores ipsam pariatur facere sit.',45),(46,'Voluptas molestias veniam asperiores ducimus ','Quos ut repellat aut rerum qui neque nulla architecto. Molestiae esse sed fugiat debitis. Molestias aliquid minima unde id quod sed. Rerum consequatur sed quasi cum dolorem sint.',46),(47,'Autem qui dignissimos id nihil.','Et eius modi rerum nostrum placeat nulla provident qui. Laborum voluptatem ex non. Atque neque ut quas quae minus ut. Delectus excepturi unde eaque debitis.',47),(48,'Eaque eos distinctio aut suscipit.','Quis cumque eos ex repudiandae. Nam sed officiis animi. Ea sint aut natus rerum placeat labore animi. Rerum est illo cum fugiat.',48),(49,'Commodi quo quia et qui.','Voluptatem repudiandae unde quia architecto perferendis in. Assumenda accusantium rem beatae. Et possimus velit accusamus deleniti et.',49),(50,'Libero culpa ipsum iusto iste.','Incidunt asperiores ut similique id. Iste repudiandae excepturi voluptatem maxime fugiat odio et. Debitis qui laboriosam ut dicta dolor. Molestias magnam reprehenderit fuga et debitis aut qui.',50),(51,'Et reprehenderit sequi reiciendis eaque eum a','Quia qui eaque incidunt. Fugit veniam sed tempore. Error accusamus totam natus voluptatem exercitationem doloremque sit beatae.',51),(52,'Reiciendis minus itaque exercitationem aliqua','Molestiae deleniti veniam debitis iure et qui. In eaque cupiditate voluptates molestiae culpa. Natus officia voluptate eligendi numquam voluptate similique.',52),(53,'Est facere accusamus vel ea dignissimos tempo','Repellendus sed saepe consequuntur nihil laudantium porro. Est nam explicabo voluptatum et omnis. Officiis provident iure veniam ut voluptas saepe.',53),(54,'Voluptates eos velit est dolor.','Rerum est fugiat sit officiis. Amet sint et porro aliquam velit. Voluptas quo excepturi repellendus autem et sapiente totam. Optio iure qui ut incidunt.',54),(55,'Perspiciatis quo dolor facere saepe perspicia','Necessitatibus aut atque facilis sit culpa est. In deserunt aspernatur sit necessitatibus. Nam in architecto saepe alias. Non nostrum aliquid reprehenderit veritatis velit id error.',55),(56,'Eligendi repudiandae quia necessitatibus quis','Impedit est id quia est odio et. Est architecto omnis consequuntur minus et sit adipisci. At veritatis quis rerum officia.',56),(57,'Non doloribus hic dolores sed maxime et.','Nemo dolorem dolores ut enim eum iste. Qui culpa labore et aut. Eos consequatur quae optio quisquam est odit aut.',57),(58,'Voluptas doloremque earum error aut.','Voluptatem et fuga voluptatum sit qui. Eius perspiciatis et delectus veritatis eum quo nobis. Est repellat quo ipsum saepe excepturi incidunt itaque.',58),(59,'Voluptatem sint fugiat eveniet dicta.','Tenetur doloremque illo velit ut et. Unde suscipit dolorem enim quod. Qui fugit quos sunt in harum est aut. Blanditiis nobis voluptatem error labore placeat.',59),(60,'Ipsum tempore saepe ratione rerum.','Unde et accusantium quo ducimus ea et in. Ab quia nobis et incidunt sed delectus.\nFacere est ut et qui dolore. Commodi aut excepturi enim in et minima.',60),(61,'Nesciunt numquam amet dignissimos aliquid con','Accusantium dolor quos temporibus culpa. Fugit est voluptatem ipsam mollitia. Aut voluptatem in ipsum vero quia velit.',61),(62,'Quaerat quis repellat dolores et aut quam non','Et est et incidunt nam. Similique rerum ipsam et sed illum. Tempore beatae saepe sint. Rerum quia ad sint non. Est enim at beatae.',62),(63,'Rerum ea rerum pariatur praesentium omnis sin','Mollitia quo mollitia quia odit labore dolore vel sed. Corrupti esse ratione delectus et ut. Optio et rerum quibusdam praesentium doloremque repudiandae. Architecto quo cum aut.',63),(64,'Corporis quia doloremque non qui voluptas est','Rem qui ipsum cum fuga quae et. In neque sed magni velit. Aut et voluptatibus magni.',64),(65,'Velit officiis quia quos fugit fugiat minima ','Adipisci incidunt voluptatibus hic soluta. Nobis expedita eius debitis officiis praesentium. Ullam deleniti consequatur et recusandae. Est qui et doloribus explicabo.',65),(66,'Fugiat labore architecto voluptate aspernatur','Ex exercitationem perspiciatis amet vel quidem. Optio vero omnis et ut et sint fugit. Illum id tenetur magnam rem sint est magni repellendus. Recusandae qui qui expedita et ipsa distinctio.',66),(67,'Ipsum quos delectus deserunt et.','Velit est vel explicabo optio et ut et. Saepe sit tempora occaecati natus quidem iure.',67),(68,'Est aut qui voluptates quia.','Eaque magnam molestiae sunt. Accusantium consectetur aliquam asperiores molestiae. Soluta molestiae quae veniam voluptas ut dolorem molestiae. Ut quos quidem quia optio culpa saepe qui.',68),(69,'Sed voluptates dolores sed et consequatur rei','Nisi id facilis nostrum nisi aut eligendi est. Ab consequatur sapiente repellat reiciendis ut. Est accusantium quia quae earum. Est architecto quasi sit quia.',69),(70,'Porro nihil dicta reiciendis aut autem sint.','Non recusandae nobis ad. Id dolor non et expedita et soluta. Magni ipsum illum aperiam. Aspernatur omnis sit aut et placeat sit voluptatem.',70),(71,'Magni labore velit ducimus voluptatibus minus','Atque dolorem laborum dignissimos iure. Omnis velit reprehenderit asperiores cupiditate. Tenetur quam veritatis sit enim.',71),(72,'Perferendis dolorem ut vel atque consequuntur','Dolore odio quidem perferendis iusto vel. Natus omnis molestias ut et et. Adipisci voluptates exercitationem tempore sequi ab blanditiis ut suscipit.',72),(73,'Earum assumenda illum velit velit cum ut.','Voluptatem saepe molestias autem cumque. Amet deserunt non beatae veritatis et. Numquam laborum nisi pariatur et excepturi sed nobis.',73),(74,'Ut expedita doloribus molestiae corrupti est.','Facere explicabo velit omnis similique. Necessitatibus sunt qui sed accusantium praesentium fugit. Laudantium reprehenderit eos qui quibusdam voluptatem facere in adipisci.',74),(75,'Dolorum ipsam dolor necessitatibus sint et ve','Iste et quo cumque vero sit quas. Aut molestias quis minima saepe minima perferendis.\nEt sit ut nobis deserunt quo omnis. Quibusdam officiis debitis nihil natus. Doloremque aut accusamus consequatur.',75),(76,'Accusantium tempora numquam in sit ut.','Pariatur placeat minus nihil cupiditate. Molestiae ad dolores blanditiis repellat voluptatem commodi nihil. Explicabo qui sunt in veniam expedita quis soluta aliquid.',76),(77,'Voluptates porro voluptates odio eaque rem te','Ab nobis quasi nesciunt omnis. Doloribus itaque dolores voluptatem qui voluptate autem. Beatae error vel repellat est ex sed earum illo. Molestiae maxime delectus at sapiente.',77),(78,'Omnis velit ex ea facilis rerum error molesti','Qui est placeat repudiandae odit. Et inventore hic nesciunt accusamus et velit eum. Odit autem id omnis molestiae. Et excepturi consequatur qui repudiandae.',78),(79,'Expedita autem in temporibus quia.','Dolorum occaecati et voluptatem nesciunt et ipsum. Itaque minima aut repellat quas vel. Optio tempora aut delectus voluptate earum ad.',79),(80,'Consequatur temporibus harum magni odio ea.','Qui fuga et adipisci ipsa quia quam. Aut quo sint omnis ipsam non ut repellat. Enim et cum voluptatem vero id et. Libero qui nobis qui est pariatur tempora non.',80),(81,'Magni est reiciendis quisquam corporis archit','Dolores nesciunt eaque aut quod facere eius quisquam dolorum. Soluta quis impedit dolor sed optio quas nostrum dicta. Dolores facere autem voluptatem quia.',81),(82,'Iusto rerum saepe dolores sequi cum ullam ver','Non soluta eum quia sequi qui. Consequatur ea rerum sit aut nisi. Harum atque voluptatum recusandae dolor.',82),(83,'Assumenda error enim dolores ut.','Fugit eaque vel sed pariatur ut. Voluptas pariatur eum deserunt id ut qui porro. Et hic est nam est.',83),(84,'Minima occaecati odit placeat rerum cumque.','Officia ab repudiandae deleniti mollitia provident. Ipsum rem rerum doloribus perspiciatis.',84),(85,'Voluptas autem velit et et modi.','Odio quia odit accusantium minus. Debitis perferendis eveniet voluptatum est eos.',85),(86,'Nobis reprehenderit eligendi voluptatibus nos','Possimus nesciunt consequatur sed rerum quos. Fugiat assumenda ut a deserunt. Dolores repudiandae maiores natus inventore. Optio labore quos molestiae excepturi non quod.',86),(87,'Similique voluptate rem qui non qui sed.','Sed ut illo blanditiis tempora. Accusamus reprehenderit dolores dolore ducimus dolorem asperiores aperiam. Deserunt magni dolorem in dicta quisquam omnis.',87),(88,'Quam libero tempore totam aut.','Mollitia quos eaque nesciunt autem eligendi. Voluptatem eligendi impedit porro. Consequuntur labore et voluptatem nisi et molestiae ullam.',88),(89,'Temporibus quo illum asperiores placeat.','Natus repellat harum sit unde omnis veritatis. Nobis dolore ea excepturi dolores exercitationem. Vel aut voluptatibus illo quasi aperiam.',89),(90,'In repellat nemo sit debitis et.','Tempore cupiditate dolores amet dolore aut omnis eligendi. Delectus voluptatibus sit dolorum quia. Asperiores voluptatem odio quia qui fuga debitis voluptatem. Aut et at officia corporis possimus.',90),(91,'Esse itaque quis libero voluptatem distinctio','Occaecati vel molestiae rem praesentium. Vel vel quae et omnis. Id consequatur laborum officiis quia et dolor omnis.',91),(92,'Sint eum beatae aut doloremque et consequatur','Velit molestias minima et nihil ex. Corrupti voluptatum illum in eum. Molestiae qui commodi voluptatem beatae vel quo mollitia. Sit nemo sit aliquid voluptates quos.',92),(93,'Et qui est deserunt quis sapiente ut a.','Harum nulla temporibus enim et et. Et ullam ut aut amet ut et et. Cupiditate numquam doloribus animi.',93),(94,'Id est exercitationem debitis minima nulla an','Vero voluptatem ullam autem adipisci et impedit nulla. Ut eveniet adipisci numquam velit sint. Beatae aut pariatur ad error maxime.',94),(95,'Voluptas adipisci pariatur accusantium laboru','Harum sunt voluptas voluptatibus ut. Aliquam pariatur tempore distinctio nesciunt nobis mollitia. Optio similique ratione adipisci quo velit pariatur.',95),(96,'Assumenda magni voluptas non cupiditate digni','In qui vel et vel aliquam. Molestiae sed culpa unde eum omnis voluptatibus non dolorem. Dolorem non occaecati ut consequatur et numquam architecto. Quidem et velit magni.',96),(97,'Ea aut perspiciatis omnis aut voluptates prov','Blanditiis eum odio est iste. Et eos laboriosam ex. Ut exercitationem libero facere praesentium omnis veritatis rem.',97),(98,'Totam similique vitae facilis doloremque.','Expedita quia eum aspernatur nihil. Saepe non nisi rem. Id libero aliquam eligendi corrupti rerum temporibus molestias.',98),(99,'Tenetur et itaque rerum tempore magni quis eo','Corporis et officiis exercitationem nisi temporibus. Cupiditate quisquam sunt nihil. Vero accusamus vero eum quo quod exercitationem ut. Distinctio et et voluptatum nihil fugiat animi.',99),(100,'Neque aut velit tempora officiis placeat.','Molestiae perferendis dignissimos et aut nobis dolore. Qui porro et alias aut sed quo aut quis. In facere nihil voluptate sed qui ex. Ullam dicta pariatur laboriosam amet earum molestiae.',100);
/*!40000 ALTER TABLE `post` ENABLE KEYS */;
UNLOCK TABLES;

--
-- Table structure for table `profiles`
--

DROP TABLE IF EXISTS `profiles`;
/*!40101 SET @saved_cs_client     = @@character_set_client */;
/*!50503 SET character_set_client = utf8mb4 */;
CREATE TABLE `profiles` (
  `users_id` int NOT NULL,
  `gender` enum('m','f','x') NOT NULL,
  `birthday` date NOT NULL,
  `location` varchar(245) DEFAULT NULL,
  `created_at` datetime NOT NULL DEFAULT CURRENT_TIMESTAMP,
  PRIMARY KEY (`users_id`),
  KEY `fk_profiles_users_idx` (`users_id`),
  CONSTRAINT `fk_profiles_users` FOREIGN KEY (`users_id`) REFERENCES `users` (`id`)
) ENGINE=InnoDB DEFAULT CHARSET=utf8mb4 COLLATE=utf8mb4_0900_ai_ci;
/*!40101 SET character_set_client = @saved_cs_client */;

--
-- Dumping data for table `profiles`
--

LOCK TABLES `profiles` WRITE;
/*!40000 ALTER TABLE `profiles` DISABLE KEYS */;
INSERT INTO `profiles` VALUES (1,'f','1973-11-18','7002 Cassin Courts Suite 437\nDedricton, IA 85850','2007-05-31 02:48:31'),(2,'x','1984-10-22','79557 Janiya Springs Apt. 635\nPresleybury, VA 11852','1991-03-05 20:13:01'),(3,'f','1999-04-04','018 Mariana Motorway Suite 293\nRosaleeport, IN 16691','1994-09-17 20:33:15'),(4,'f','1974-10-28','23276 Parisian Valley\nSchummmouth, SD 06894','2002-06-02 20:28:29'),(5,'m','2013-03-25','7079 Sydnie Avenue\nNew Shayne, TX 68256-0313','1986-07-19 08:38:43'),(6,'f','1997-06-09','6890 Ricky Prairie Suite 441\nJasminside, RI 66948','1998-10-04 05:24:15'),(7,'m','1989-09-11','22628 Larissa Inlet\nMackenziehaven, MO 84512-7260','1986-07-10 17:22:51'),(8,'x','1998-01-01','2148 Tiara View Suite 465\nKreigerburgh, TX 95229-1430','2009-12-05 09:22:43'),(9,'f','2013-11-25','43073 Schuster Key Apt. 552\nNew Lexiefort, AL 40802','1975-08-10 20:24:01'),(10,'f','1988-04-14','20490 Waelchi Parkways Suite 132\nLabadieview, NM 96647','2020-03-18 02:42:03'),(11,'x','2018-12-30','7333 Wilkinson Freeway\nNorth Joesph, CA 34337-8692','1976-06-06 03:54:25'),(12,'m','1988-12-02','048 Faye Plaza\nEast Marlinburgh, MD 50720','1980-06-04 22:50:05'),(13,'f','2006-12-09','07581 Cara Stream\nSouth Jaunita, DE 63880-0110','2001-03-02 20:26:42'),(14,'x','2012-06-23','61232 Edwin Roads\nLake Mylene, WA 15703-4944','2020-08-08 03:08:14'),(15,'x','2008-03-04','96485 Braden Plains\nLake Ardithport, MA 45991','1977-04-22 08:15:48'),(16,'m','1978-04-05','9782 Gracie Glens Suite 711\nDameonburgh, CT 17299','2000-11-21 22:18:42'),(17,'f','1970-01-25','432 Schmitt Ford\nLelastad, RI 23421-7564','1976-03-18 10:57:45'),(18,'f','1970-12-10','1471 Torphy Overpass\nTowneville, OH 69850-4309','2000-11-14 07:41:19'),(19,'x','2017-05-21','37513 Jacobson Shoals Suite 605\nCruickshankview, SD 94788','2002-09-13 02:11:56'),(20,'m','2020-08-26','662 Seth Street Apt. 012\nEast Porter, VT 56861','2017-11-15 04:13:06'),(21,'f','1981-09-26','127 Armstrong Green Suite 469\nNorth Cesarburgh, NY 14569','1971-07-15 16:53:45'),(22,'f','2006-09-13','698 Mariam Skyway Apt. 426\nRoweberg, RI 40726-9391','1972-12-17 14:32:05'),(23,'f','1997-07-01','8501 Orn Island Suite 700\nWest Sisterland, AL 62889','1983-06-18 10:42:15'),(24,'x','1971-04-08','649 Faye Lock\nWest Josiehaven, DE 76927','1995-02-07 06:25:52'),(25,'f','1999-10-27','95067 Nico Trace Suite 931\nSouth Federico, VA 09850-7036','1986-08-05 09:27:20'),(26,'m','1975-12-06','466 Willy Junction\nSallieshire, KS 93974-2339','2017-07-13 17:49:54'),(27,'f','1995-09-18','0765 Botsford Plains\nStoltenbergstad, WY 23363-1714','1972-11-07 19:41:02'),(28,'x','1986-10-09','0665 Ruth Corners\nSouth Sophiamouth, RI 74304-3605','1970-10-01 05:00:19'),(29,'x','1987-12-19','4081 Kariane Skyway Apt. 593\nPort Dominique, NE 53538-2554','2002-06-18 20:46:11'),(30,'m','1976-10-08','23163 Norris Mount Apt. 009\nHahnstad, MI 29998-1649','1995-10-23 09:34:04'),(31,'f','1998-08-12','959 Carmella Isle\nReillybury, CA 13321','1970-10-29 18:21:26'),(32,'m','1980-02-26','4078 Marlene Shores\nSouth Monicaton, SC 28343','1980-08-10 16:47:33'),(33,'f','2001-05-11','596 Douglas Cliff\nNorth Metaport, NH 38283-8206','2018-09-05 11:16:01'),(34,'x','1974-01-03','1297 Bradford Cliff\nNorth Ofelia, VA 06926','2008-05-12 08:35:15'),(35,'x','2006-09-09','6439 Boehm Grove\nHarrisland, NM 47302-4290','1990-09-16 03:25:53'),(36,'x','1981-07-15','67921 Batz Ridges Suite 362\nNew Melisa, HI 84649','2003-10-04 15:56:57'),(37,'f','2014-06-24','195 Dickens Mews Apt. 078\nNorth Nataliashire, MD 96857','2010-08-03 06:47:12'),(38,'x','2014-06-22','557 Baumbach Pine\nNew Maryseside, MA 69245-0148','2004-11-18 22:50:38'),(39,'f','1994-09-03','04671 Ryan Pike Apt. 049\nLake Zionton, VT 61849','2002-09-25 05:50:31'),(40,'x','2017-12-02','767 Carole Crest Suite 117\nLake Maggieshire, ME 94427-7774','2012-05-22 16:49:19'),(41,'m','1970-11-13','94812 Swaniawski Island\nLake Bernadetteberg, AL 14784','1998-02-28 07:06:32'),(42,'m','2012-09-25','69303 Bianka Well\nEast Bettehaven, MA 81544','2015-12-08 20:54:19'),(43,'f','2009-01-22','94206 Barton Valley\nSchadenborough, AZ 35019','2020-09-27 14:25:01'),(44,'x','1990-01-20','79769 Skyla Wall\nNew Jadenview, IA 51771','1973-07-13 09:42:13'),(45,'f','2018-04-04','39777 Shanahan Radial\nJordynmouth, TX 79040','2011-02-21 20:27:18'),(46,'m','2017-02-02','909 Hannah Throughway Suite 535\nClemensmouth, GA 36180-3526','2008-05-31 04:18:39'),(47,'f','1988-04-12','363 Ankunding Hill\nHanebury, FL 11578-8445','2018-03-07 22:45:32'),(48,'f','1987-01-15','7517 Yazmin Falls Apt. 000\nRoytown, WA 06452','1984-11-15 13:58:02'),(49,'m','1971-05-13','574 Justina Drive Suite 732\nNoeliaside, KY 11675','2000-09-22 16:20:54'),(50,'m','2019-08-07','3919 Ezekiel Wall\nSouth Johanna, FL 64972','1986-03-03 11:06:08'),(51,'f','1974-12-17','637 Turner Islands Suite 527\nNew Moniqueville, WY 20469','2019-11-07 23:58:20'),(52,'x','2005-07-11','173 Sawayn Path\nEunachester, NE 49199-9054','2015-01-30 13:37:59'),(53,'f','2015-08-13','511 Connelly Walk\nJennifermouth, TN 04424','2018-09-12 19:33:57'),(54,'x','1981-08-10','90915 Corene Ridge Suite 963\nRowenaborough, NJ 43930-5490','1998-07-03 23:40:48'),(55,'f','1974-06-23','46433 Wisozk Village Apt. 329\nLake Nyasia, IL 97311-2770','1975-06-09 21:27:14'),(56,'f','1991-10-16','048 Mazie Views Suite 570\nCummingsshire, RI 42225-5464','1985-09-19 17:35:45'),(57,'f','2016-08-06','73251 Kris Isle\nAbernathybury, IN 33031-5182','2012-06-08 18:10:04'),(58,'f','1983-11-29','0798 Medhurst Parks\nLindborough, AZ 04313','2010-08-03 06:29:29'),(59,'m','1984-05-19','981 Luz Turnpike\nNew Michele, VA 80786','2016-07-30 02:09:19'),(60,'m','2002-12-02','62243 Considine Track Apt. 592\nNorth Sierraside, FL 94482-5843','1998-11-16 14:43:18'),(61,'x','1970-03-09','360 Anderson Court Suite 629\nDrakeborough, ND 53242','1974-12-22 01:43:57'),(62,'m','2004-11-06','39152 Lilla Manors\nKaylinmouth, AK 55067-6636','1994-03-10 14:26:33'),(63,'f','1998-03-02','226 Tom Neck Apt. 592\nWest Justynshire, CT 53370','1970-05-14 09:50:18'),(64,'x','2019-05-11','527 Kraig Ways Suite 003\nNewtonland, WY 32292-9948','1988-01-23 17:14:30'),(65,'f','2008-04-19','8723 Wisoky Groves Apt. 321\nEast Isai, ME 22993-9383','2013-11-23 14:59:28'),(66,'x','2007-09-30','62772 Smith Place Suite 855\nWest Julienton, NC 34755-5926','1986-12-25 03:15:57'),(67,'m','2016-10-02','1261 Curtis Island\nSouth Anastacio, ND 48074-2184','1974-02-10 04:20:50'),(68,'x','1983-01-27','900 Kory Corners\nJarodshire, VA 24425','1994-08-24 19:18:34'),(69,'m','2020-09-07','5433 Wyman Locks\nEast Diego, NC 89554','2016-07-25 02:42:09'),(70,'f','2002-03-18','4414 Kerluke Meadow Apt. 436\nMoenport, WV 30139-0211','2012-02-06 05:15:20'),(71,'f','1974-11-03','892 Weissnat Burg Apt. 355\nHayesville, TN 31752','2016-04-26 05:06:14'),(72,'x','1993-10-18','62362 Johnson Extensions Suite 335\nWest Vestahaven, IA 12443-4836','2011-11-09 19:58:59'),(73,'x','1970-12-08','0852 Santa Ville\nPort Glen, VA 66318','2004-01-10 21:27:09'),(74,'m','2009-07-04','149 Torphy Circles Apt. 776\nMichelebury, GA 07542-6641','1975-03-10 14:17:12'),(75,'m','1989-12-01','36269 Ari Bypass\nHobartchester, AZ 92943','1996-12-06 09:48:22'),(76,'m','1979-06-19','915 Granville Tunnel\nMurphyton, SD 65590','1999-02-13 17:17:46'),(77,'x','1972-12-16','3682 Orn Glen\nLemkechester, SC 90883','2009-04-06 13:12:33'),(78,'m','1978-12-17','04605 Tillman Fords Suite 711\nNorth Dennis, HI 35574-8907','1983-02-20 23:06:29'),(79,'m','1973-05-14','4314 Sean Harbor\nWilliamtown, KY 71957','1974-05-15 07:05:26'),(80,'x','1985-07-13','010 Gaylord Forge\nSouth Leopoldo, VA 86592-0797','2002-08-24 20:12:03'),(81,'f','1993-07-30','39472 Tom Wall Apt. 985\nPort Dylan, ME 64203-5008','1987-05-03 09:25:00'),(82,'x','2020-08-23','671 Strosin Shore Suite 606\nSouth Green, IA 98664-8954','2018-11-07 04:19:54'),(83,'m','2001-01-12','55293 Reyna Greens Suite 646\nEast Karlie, CA 82268','1993-07-17 15:30:19'),(84,'x','2006-01-24','3791 Nelda Stream Apt. 976\nWest Curtis, KS 96792','2017-01-15 08:56:27'),(85,'m','2008-12-26','0229 Beaulah Extensions\nEast Jacquesland, NC 33865','1982-05-04 15:23:29'),(86,'m','2013-09-17','0529 Green Spurs Apt. 227\nWest Halie, ND 32922-1468','2018-07-25 17:56:49'),(87,'f','1984-03-16','70018 Mekhi Turnpike Apt. 409\nWest Laneburgh, HI 61935-8019','1981-10-02 19:44:53'),(88,'x','1992-09-24','52791 McDermott Bridge Suite 867\nNorth Bernice, CO 48937-6841','1999-07-11 02:13:59'),(89,'m','2007-12-09','56250 Thiel Land Apt. 838\nPort Princess, UT 72974','1997-04-25 14:29:25'),(90,'x','1974-06-20','094 Keebler Lodge Apt. 804\nLednerside, IN 04831','1981-06-08 18:16:42'),(91,'m','2001-08-24','6163 Newell Landing\nWestside, MO 14920','1975-10-20 15:09:56'),(92,'x','2003-09-14','937 Huels Motorway Suite 271\nSouth Nikki, VT 04657','2007-11-06 07:56:34'),(93,'m','1976-07-17','43777 Lebsack Islands\nCaseyburgh, MA 39984-2189','1977-08-14 12:29:44'),(94,'m','2017-06-25','511 Adaline Curve Suite 236\nLake Gracielachester, OH 92625-2294','2012-11-22 03:43:15'),(95,'x','2006-01-29','0594 Kessler Hill Suite 673\nMrazside, CO 06632-1140','2014-05-06 12:22:20'),(96,'m','1993-09-15','50392 Rice Haven Apt. 616\nSanfordville, SC 11563','1973-03-17 15:42:06'),(97,'f','1971-02-12','176 Hauck Ford Apt. 645\nAidastad, ID 44089-2513','1989-11-14 08:55:46'),(98,'m','2017-02-03','41666 Darby Forks Suite 403\nEast Johnathan, AZ 55239-3116','1970-01-26 10:51:37'),(99,'f','2014-10-24','31784 Gleason Terrace\nLake Karianneshire, AZ 63952-6456','1985-10-08 22:50:11'),(100,'x','2019-10-31','56768 Emmerich Lake Suite 285\nDickenschester, SD 82990-8888','1986-06-30 04:53:08');
/*!40000 ALTER TABLE `profiles` ENABLE KEYS */;
UNLOCK TABLES;

--
-- Table structure for table `users`
--

DROP TABLE IF EXISTS `users`;
/*!40101 SET @saved_cs_client     = @@character_set_client */;
/*!50503 SET character_set_client = utf8mb4 */;
CREATE TABLE `users` (
  `id` int NOT NULL AUTO_INCREMENT,
  `firstname` varchar(245) NOT NULL COMMENT 'имя',
  `lastname` varchar(245) NOT NULL COMMENT 'фамилия',
  `email` varchar(245) NOT NULL,
  `phone` bigint NOT NULL COMMENT 'телефон',
  `password_hash` char(64) NOT NULL,
  `is_deleted` bit(1) NOT NULL DEFAULT b'0',
  PRIMARY KEY (`id`),
  UNIQUE KEY `email_UNIQUE` (`email`),
  UNIQUE KEY `phone_UNIQUE` (`phone`),
  KEY `firstname_lastname_idx` (`lastname`,`firstname`)
) ENGINE=InnoDB AUTO_INCREMENT=109 DEFAULT CHARSET=utf8mb4 COLLATE=utf8mb4_0900_ai_ci COMMENT='пользователи';
/*!40101 SET character_set_client = @saved_cs_client */;

--
-- Dumping data for table `users`
--

LOCK TABLES `users` WRITE;
/*!40000 ALTER TABLE `users` DISABLE KEYS */;
INSERT INTO `users` VALUES (1,'Marques','Treutel','e1@mail.ru',79442173929,'hash',_binary '\0'),(2,'Zoie','Hauck','sporer.andreane@example.org',79543896146,'c27bd4c72f47ef4c3f6f93eb5ba52f0d67b38707',_binary '\0'),(3,'Megane','McClure','kadin.bauch@example.org',79296737063,'0717f172383a5b5b80f04233240d06690a980783',_binary '\0'),(4,'Arturo','Stark','caesar.dickinson@example.com',79388973291,'72e6b32fc26cda9a69c3c087950642730a369d10',_binary '\0'),(5,'Savion','Aufderhar','alphonso11@example.net',79670439112,'5e10a434149116de96d872e55c2f4f14e0595bd1',_binary '\0'),(6,'Rosamond','Beer','paucek.lauryn@example.org',79141103415,'9d6e0f60f9745767867ce44c3917cbba458d9123',_binary '\0'),(7,'Eve','Runolfsson','hayes.hellen@example.net',79065145396,'7e80f1bc77a1481275310eb777c1dc65172a9b11',_binary '\0'),(8,'Joseph','Rutherford','nkunze@example.net',79190560107,'e218771cd8b702f19e64901343a737d22aa35df5',_binary '\0'),(9,'Verner','Ziemann','bosco.melvin@example.org',79510061182,'3f0d461e9a16f15521f185eafba26de8233343c0',_binary '\0'),(10,'Cierra','Nienow','gregory18@example.net',79467673529,'613f9f458b8c8df707962e89bf276449f7fcb779',_binary '\0'),(11,'Connie','Herzog','spinka.wade@example.com',79691050821,'35c1f913bca9c93991f6d91e15c57013cdaa6d39',_binary '\0'),(12,'Belle','Mohr','maxwell.douglas@example.net',79585063312,'9b5e96d2813f04e178628eea028be38c87f4ec39',_binary '\0'),(13,'Dee','Yost','xpadberg@example.org',79745090404,'44925650ff3ee21c3b9747381cfc2bbb15fbf6b1',_binary '\0'),(14,'Bart','Stoltenberg','zoey51@example.org',79866858053,'c3d4d90475f6077207fde8c4a70164769bf2cf46',_binary '\0'),(15,'Dolly','McCullough','marcel61@example.com',79782490836,'ebc425cda764c24abbc8b996e279c6816cd3db27',_binary '\0'),(16,'Kacey','Dicki','pquigley@example.net',79579672855,'2389525aef385f6dc9a3d42ac9fee63525f3a937',_binary '\0'),(17,'Celestine','Rau','ubergstrom@example.org',79941557087,'7a52098aa2c617fa425f9f68e397af16c214c2e8',_binary '\0'),(18,'Jerod','Ryan','kozey.devante@example.com',79264815813,'60bd8a9ff9abca66ecf0d11a8fe3fad76ee65c57',_binary '\0'),(19,'Leonel','Lockman','jenkins.reed@example.net',79115507108,'5454eb871db5cbfa0ba83697cb559e20dd5f7ff7',_binary '\0'),(20,'General','Smitham','arlene64@example.com',79112690863,'62493e7bfb258506b919c7ee05da4dd63a32336a',_binary '\0'),(21,'Marguerite','Lynch','nwitting@example.com',79369909406,'27260357a73ffd854b186ff0f7b9984ec7e098f8',_binary '\0'),(22,'Efren','West','frogahn@example.net',79097747971,'2cdae8d4db2f22e5cdc6afaf0791a85e61fd8f3a',_binary '\0'),(23,'Alexandro','Heidenreich','marjory89@example.com',79941718558,'6b47b862667d629440252ec5fb7cf0db67acbb8b',_binary '\0'),(24,'Josue','Lynch','kattie49@example.net',79684665068,'486c2939a0ceabad97661f6b9acc8684d58ea594',_binary '\0'),(25,'Jenifer','Welch','bosco.braulio@example.com',79126912544,'bf654a3c07d8b56d4e050cbb0529fdd8022b02c0',_binary '\0'),(26,'Urban','Cruickshank','vbatz@example.net',79625697602,'a8dfd6baf490a58e3b32fa7de9ec295da5da9423',_binary '\0'),(27,'Roscoe','Hammes','uriah53@example.com',79123897382,'47b3331e87adecf126e1dc8827d5bc374c72c774',_binary '\0'),(28,'Emmie','Corwin','zander06@example.net',79629976759,'e74958ac1b9097cd8c768cff20c7ff13dc34a0ec',_binary '\0'),(29,'Dallas','Upton','wrobel@example.org',79908317589,'9efc98e4aaa86b3d6f528559e7922186c43fbc02',_binary '\0'),(30,'Camilla','Haag','mertz.maxime@example.org',79269125539,'3a897b6a3ef72b98f1fc15109a62098544567aec',_binary '\0'),(31,'Neil','Schoen','mauricio33@example.com',79400225318,'a8b4fa4bec9df0895e6db52bb2e92ebab44cd20f',_binary '\0'),(32,'Delpha','Weimann','vlubowitz@example.com',79094821049,'1c055c0c4bd30f470ecbf90d50f90e0c557060a0',_binary '\0'),(33,'Allen','Bogisich','ondricka.mathew@example.org',79388221932,'107ec0c44355fc14392ab0bb38e7f4d331e9843c',_binary '\0'),(34,'Eino','Bins','dewayne.herzog@example.com',79135521497,'d235165f0fc1ef754dbab0a2385b7386ad321a09',_binary '\0'),(35,'Joelle','Nienow','cole.ernest@example.org',79009656281,'280c638927a1086cb714db6b8c6152790aa924f2',_binary '\0'),(36,'Susan','Williamson','sarina.hirthe@example.com',79781639202,'e2818454bc3b89568e49cba996387677d6ca9714',_binary '\0'),(37,'Eduardo','King','kilback.stacey@example.org',79929564521,'b17741a172748568fe7c45717195712eb96210cf',_binary '\0'),(38,'Keara','Senger','shane78@example.com',79188880555,'7b657ae63f6180edeec229627a959cc8a394110a',_binary '\0'),(39,'Gage','Paucek','batz.cedrick@example.net',79325598498,'885dcfb158aea3ec3abd2b489e6a6888e37efca9',_binary '\0'),(40,'Grayce','Schuster','melba.frami@example.com',79929489743,'d4ad4933318ebc8dbf5e929cb6454087c829d446',_binary '\0'),(41,'Hazel','Windler','marquise.hills@example.org',79182490136,'694f515b830b45f55e234b4e6a1c3aa3da242300',_binary '\0'),(42,'Sage','Hermiston','madaline31@example.org',79460000300,'8fcaa0bf2acdfce9dd39ed1b04258d4f123c77c6',_binary '\0'),(43,'Violette','Ratke','stella54@example.net',79386047799,'68325a88102458812207a5b0a9e1f1b40870e288',_binary '\0'),(44,'Jabari','Gleichner','hettinger.favian@example.org',79315434772,'92c9c9fbfd0d32e53bbcd2d7e5d7bc9db804a20c',_binary '\0'),(45,'Edwina','Watsica','wiza.april@example.net',79918246537,'cb2f89fcf461cc9250289901c7607e4c3738585d',_binary '\0'),(46,'Gabriel','Grimes','agustin91@example.org',79759534122,'f7f245488d89096b7629dc8311531f9c40205b92',_binary '\0'),(47,'Ebony','Kerluke','diana61@example.org',79348428585,'c17065586f498a6b79380c12440d2d0c5bb1b17c',_binary '\0'),(48,'Aiyana','Rogahn','lstehr@example.com',79564416857,'8d52aa958f60fd2ac099c1ba8945f5408a278c5d',_binary '\0'),(49,'Brionna','Turcotte','hkeebler@example.net',79431683525,'d5c79b747790323d83dd373cda427f3ae36f91e7',_binary '\0'),(50,'Silas','Stracke','lgutkowski@example.net',79775730645,'c0f711da621561bc425dbdf6dd04f59b97860193',_binary '\0'),(51,'Emory','Block','edmund.considine@example.org',79112241412,'775c1781c236a3e8c6f53b248cb05116057c2857',_binary '\0'),(52,'Yvette','Reichert','eulah.donnelly@example.com',79647044910,'1387d29ca72b2d04270a2eff9171bf446762a9c6',_binary '\0'),(53,'Lilyan','Heller','catalina27@example.net',79951649805,'63029403750723730586fc85eaee170be5b052f0',_binary '\0'),(54,'Abdul','VonRueden','hailey.schuppe@example.net',79768528674,'e6e42d9a6d14a0d892e8619ecfd828bf197d6a6c',_binary '\0'),(55,'Alexandro','Altenwerth','jakob74@example.com',79513412801,'7581748a4d39c182488ee226e99e889bf6d8efa1',_binary '\0'),(56,'Demarcus','Abshire','zruecker@example.com',79729207084,'02e0a35933e0f131e930f1b7eb8c89d8c1db2541',_binary '\0'),(57,'Abby','Roberts','yprosacco@example.com',79488957518,'276c7a8eb7f49d4e1a70d33c00d274d7a256a4d4',_binary '\0'),(58,'Darron','Heller','runte.stanton@example.com',79996794766,'3b06c90fa7fdd04814546eadae1b2d42ae2023fd',_binary '\0'),(59,'Josiah','Torp','june.marquardt@example.net',79034873027,'0ac9ae40a5daae539783a4889d36006314e33b3c',_binary '\0'),(60,'Alda','Keebler','adrienne62@example.org',79395884374,'9ff71e636653b4a5affde4eee50cb6da5235b005',_binary '\0'),(61,'Bernard','Brown','jaskolski.orval@example.com',79039882799,'864d446b53ca444dbe7797d4491b80957b763187',_binary '\0'),(62,'Maximillian','Cole','leuschke.ethelyn@example.org',79405380181,'1c906875d5cd9cf1baf41bea8653fd2b02b281d5',_binary '\0'),(63,'Donny','Hackett','destiney.johnston@example.org',79076093405,'361ecdc51259df239165001c2a5fa56f3e886904',_binary '\0'),(64,'Jay','Davis','ethompson@example.org',79002878335,'b6c64edc3e2509cfb6c1fdf0940d153514ab42f5',_binary '\0'),(65,'Elfrieda','Anderson','broderick42@example.net',79780015748,'50daaf59ff079dddf5c36e912f1ccfb896a9d8e9',_binary '\0'),(66,'Owen','Nader','jaskolski.maxie@example.net',79739185533,'8c995f0712ec4497ad91c2b5d8ed3122a2d96be9',_binary '\0'),(67,'Kaycee','Price','ratke.leonie@example.com',79170580099,'42edeadc1f8ef38c3a7e50a2caf35bb6ba6bc014',_binary '\0'),(68,'Noemie','Swift','brock.kuvalis@example.com',79801630489,'f05c3d46339c82ad7065e2eb9dcf754f8a73f4da',_binary '\0'),(69,'Adaline','Ankunding','steuber.jude@example.net',79794721258,'259f37d945e32a0e53aeb5447169bfdd6a5f5c67',_binary '\0'),(70,'Augustine','Ledner','calista.abshire@example.org',79771190620,'ffb0f088e7e9be7d430dd63c2bb26fea69be0425',_binary '\0'),(71,'Joaquin','Howe','gretchen.glover@example.com',79246675680,'ca66856c3633963072a368884ae98226c34a05e5',_binary '\0'),(72,'Robyn','Kling','mills.ole@example.com',79219317414,'54db0588582c054907d138b4108a3a7b232a97d6',_binary '\0'),(73,'Collin','Huels','jolie04@example.org',79404136279,'9473de5397e106f9a5582ca7eef0987cb49178e2',_binary '\0'),(74,'Lelia','Daugherty','jamel.gerlach@example.org',79946109063,'eb0f501f7c1c22c930f44196e371b2041eebeda5',_binary '\0'),(75,'Rico','Hilll','langworth.kristofer@example.org',79033606388,'cd50a709a09fe227ff90bf618d21e7293c8ed32a',_binary '\0'),(76,'Barbara','Carroll','zwalter@example.net',79636286814,'be55bf94b16c04ad508590e8fd2aedb26bbcb183',_binary '\0'),(77,'Holden','Prosacco','romaguera.bethany@example.org',79843699422,'d117e5d303dae9ae2d0e24a4a0487b5ab3283562',_binary '\0'),(78,'Kenya','Ward','larson.xzavier@example.com',79841240162,'b17240de2b1e0667b334ec22f1c954d0b1f70647',_binary '\0'),(79,'Dominique','Schmeler','dariana49@example.org',79038770128,'63bbe579cfb20c27ad1824ba46dbb8b17e53d695',_binary '\0'),(80,'Americo','Shanahan','austin.raynor@example.com',79487620506,'74199c5f654e067859f8759c44f782e9f5f687d4',_binary '\0'),(81,'Muriel','Haley','carmela.donnelly@example.com',79518482383,'a8699bd6b2b504bc96ce57890779b6e6db04831a',_binary '\0'),(82,'Mavis','Bartell','nya03@example.net',79628648475,'3977b869ac9f900f84b9b3e786fb4e68813fbdac',_binary '\0'),(83,'Simone','Murray','mhessel@example.com',79803747953,'416578e068b06350d04bcf2e666022e82172eed2',_binary '\0'),(84,'Mekhi','Rodriguez','fhand@example.com',79932535240,'34742392da9ac42b1492420d5d8d821da177ce57',_binary '\0'),(85,'Mellie','Glover','zgleichner@example.net',79762872762,'90d548268755a11450082b476e7d57e30104b795',_binary '\0'),(86,'Maymie','Ziemann','qgusikowski@example.com',79691763919,'3683b402e168dabb0b62bd67965c76637602c1bf',_binary '\0'),(87,'Laverne','Feest','so\'conner@example.net',79315267900,'60101ef3bccc261ccaac3463bde46a42656ce99e',_binary '\0'),(88,'Eliseo','Cartwright','sadie.leuschke@example.org',79451968043,'8f9c9209be48ca8aff1fc05dd08c8db0bc31e8fe',_binary '\0'),(89,'Josiane','Lang','zieme.camron@example.net',79668763455,'b0097b6ace5a7761fd4f7a8d1154a039869ce33b',_binary '\0'),(90,'Robbie','Beer','price.alivia@example.net',79415861369,'29470f92154207c372a935c98afb1ccf4f151d14',_binary '\0'),(91,'Marianne','Walter','vallie05@example.org',79384451568,'88bd06ae8aca31624b93f33e242bacf53a9dba5b',_binary '\0'),(92,'Van','Schiller','johnson.monique@example.com',79062235579,'bb7ddd65958d563bce1f60aa37dc4750933e751f',_binary '\0'),(93,'Alexandre','Boyle','myron84@example.org',79586141115,'1dcc0cc2ace14d3d5ff79479fd9885f00ccfcf73',_binary '\0'),(94,'Ernie','Casper','ally83@example.net',79359895016,'5c58056fc4869ca94cbf93fd255fd56954b1cd7c',_binary '\0'),(95,'Mariam','Ledner','golden88@example.org',79802523492,'f398b8d606feb86f6cf7b63ad91dd607800b7c47',_binary '\0'),(96,'Alphonso','Crooks','celia.walker@example.com',79125024180,'3e8a4aaf3973a19ae5407c3330929c00018f5b0a',_binary '\0'),(97,'Quinton','O\'Keefe','cassie.ernser@example.com',79588181778,'284435aae0f88aadd0d575e3e60406d3a9017de1',_binary '\0'),(98,'Luis','Ratke','theodora.thiel@example.net',79452500756,'041f843872287c9629fb69b98ea27e243674f309',_binary '\0'),(99,'Sherman','Hills','astoltenberg@example.net',79053733276,'ce159c17dc408618e41011d1c581103c0a9d49cb',_binary '\0'),(100,'Naomie','Zieme','kiehn.savanna@example.com',79234497423,'626e4d23d3e390cc2b67c117d07e9f4a0f15a93e',_binary '\0'),(107,'PENELOPE','GUINESS','e11@mail.ru',79008007070,'hash',_binary '\0');
/*!40000 ALTER TABLE `users` ENABLE KEYS */;
UNLOCK TABLES;

--
-- Table structure for table `users_communities`
--

DROP TABLE IF EXISTS `users_communities`;
/*!40101 SET @saved_cs_client     = @@character_set_client */;
/*!50503 SET character_set_client = utf8mb4 */;
CREATE TABLE `users_communities` (
  `community_id` int NOT NULL,
  `user_id` int NOT NULL,
  PRIMARY KEY (`community_id`,`user_id`),
  KEY `fk_users_communities_users1_idx` (`user_id`),
  KEY `fk_users_communities_communities1_idx` (`community_id`),
  CONSTRAINT `fk_users_communities_communities1` FOREIGN KEY (`community_id`) REFERENCES `communities` (`id`),
  CONSTRAINT `fk_users_communities_users1` FOREIGN KEY (`user_id`) REFERENCES `users` (`id`)
) ENGINE=InnoDB DEFAULT CHARSET=utf8mb4 COLLATE=utf8mb4_0900_ai_ci;
/*!40101 SET character_set_client = @saved_cs_client */;

--
-- Dumping data for table `users_communities`
--

LOCK TABLES `users_communities` WRITE;
/*!40000 ALTER TABLE `users_communities` DISABLE KEYS */;
INSERT INTO `users_communities` VALUES (3,1),(4,3),(2,4),(4,4),(4,5),(7,5),(7,6),(3,7),(10,8),(4,13),(5,13),(6,13),(9,13),(10,13),(1,15),(9,17),(10,17),(1,19),(2,19),(9,19),(10,19),(7,21),(9,21),(1,22),(2,23),(6,24),(9,24),(1,25),(10,25),(1,27),(3,27),(5,27),(7,28),(3,30),(8,33),(5,35),(9,35),(10,35),(8,37),(9,37),(2,39),(4,40),(7,40),(9,41),(4,42),(4,43),(6,44),(1,46),(3,46),(10,46),(3,47),(10,47),(5,50),(3,56),(2,57),(2,58),(3,58),(1,59),(10,60),(3,62),(10,65),(9,66),(2,67),(7,70),(3,71),(4,71),(9,71),(2,72),(1,73),(1,74),(5,74),(7,74),(7,75),(1,76),(8,80),(7,81),(4,83),(2,84),(9,84),(1,86),(10,86),(4,87),(8,87),(9,89),(8,90),(1,91),(9,91),(8,92),(7,96),(9,97),(5,98),(10,98),(2,99),(2,100),(3,100),(5,100);
/*!40000 ALTER TABLE `users_communities` ENABLE KEYS */;
UNLOCK TABLES;

--
-- Dumping routines for database 'vk'
--
/*!40103 SET TIME_ZONE=@OLD_TIME_ZONE */;

/*!40101 SET SQL_MODE=@OLD_SQL_MODE */;
/*!40014 SET FOREIGN_KEY_CHECKS=@OLD_FOREIGN_KEY_CHECKS */;
/*!40014 SET UNIQUE_CHECKS=@OLD_UNIQUE_CHECKS */;
/*!40101 SET CHARACTER_SET_CLIENT=@OLD_CHARACTER_SET_CLIENT */;
/*!40101 SET CHARACTER_SET_RESULTS=@OLD_CHARACTER_SET_RESULTS */;
/*!40101 SET COLLATION_CONNECTION=@OLD_COLLATION_CONNECTION */;
/*!40111 SET SQL_NOTES=@OLD_SQL_NOTES */;

-- Dump completed on 2020-10-06 15:05:53
